,State_Tribe_Territory,County_Name,FIPS_State,FIPS_County,date,order_code,Face_Masks_Required_in_Public,Source_of_Action,URL,Citation
315128,MA,Middlesex County,25,17,4/17/2020,2,,,,
315397,MA,Middlesex County,25,17,4/18/2020,2,,,,
315426,MA,Middlesex County,25,17,4/19/2020,2,,,,
315667,MA,Middlesex County,25,17,4/20/2020,2,,,,
315718,MA,Middlesex County,25,17,4/21/2020,2,,,,
315935,MA,Middlesex County,25,17,4/22/2020,2,,,,
315964,MA,Middlesex County,25,17,4/23/2020,2,,,,
315987,MA,Middlesex County,25,17,4/24/2020,2,,,,
325120,MA,Middlesex County,25,17,4/25/2020,2,,,,
325155,MA,Middlesex County,25,17,4/26/2020,2,,,,
325190,MA,Middlesex County,25,17,4/27/2020,2,,,,
325224,MA,Middlesex County,25,17,4/28/2020,2,,,,
325292,MA,Middlesex County,25,17,4/29/2020,2,,,,
325328,MA,Middlesex County,25,17,4/30/2020,2,,,,
325376,MA,Middlesex County,25,17,5/1/2020,2,,,,
325411,MA,Middlesex County,25,17,5/2/2020,2,,,,
325446,MA,Middlesex County,25,17,5/3/2020,2,,,,
325481,MA,Middlesex County,25,17,5/4/2020,2,,,,
325516,MA,Middlesex County,25,17,5/5/2020,2,,,,
325872,MA,Middlesex County,25,17,4/10/2020,2,,,,
325873,MA,Middlesex County,25,17,4/11/2020,2,,,,
325874,MA,Middlesex County,25,17,4/12/2020,2,,,,
325875,MA,Middlesex County,25,17,4/13/2020,2,,,,
325876,MA,Middlesex County,25,17,4/14/2020,2,,,,
325877,MA,Middlesex County,25,17,4/15/2020,2,,,,
325878,MA,Middlesex County,25,17,4/16/2020,2,,,,
325879,MA,Middlesex County,25,17,5/6/2020,1,Yes,Official,https://www.mass.gov/doc/may-1-2020-masks-and-face-coverings/download,"Mass. COVID-19 Exec. Order No. 31 (May 1, 2020)"
325880,MA,Middlesex County,25,17,5/7/2020,1,Yes,Official,https://www.mass.gov/doc/may-1-2020-masks-and-face-coverings/download,"Mass. COVID-19 Exec. Order No. 31 (May 1, 2020)"
325881,MA,Middlesex County,25,17,5/8/2020,1,Yes,Official,https://www.mass.gov/doc/may-1-2020-masks-and-face-coverings/download,"Mass. COVID-19 Exec. Order No. 31 (May 1, 2020)"
325882,MA,Middlesex County,25,17,5/9/2020,1,Yes,Official,https://www.mass.gov/doc/may-1-2020-masks-and-face-coverings/download,"Mass. COVID-19 Exec. Order No. 31 (May 1, 2020)"
325883,MA,Middlesex County,25,17,5/10/2020,1,Yes,Official,https://www.mass.gov/doc/may-1-2020-masks-and-face-coverings/download,"Mass. COVID-19 Exec. Order No. 31 (May 1, 2020)"
325884,MA,Middlesex County,25,17,5/11/2020,1,Yes,Official,https://www.mass.gov/doc/may-1-2020-masks-and-face-coverings/download,"Mass. COVID-19 Exec. Order No. 31 (May 1, 2020)"
325885,MA,Middlesex County,25,17,5/12/2020,1,Yes,Official,https://www.mass.gov/doc/may-1-2020-masks-and-face-coverings/download,"Mass. COVID-19 Exec. Order No. 31 (May 1, 2020)"
325886,MA,Middlesex County,25,17,5/13/2020,1,Yes,Official,https://www.mass.gov/doc/may-1-2020-masks-and-face-coverings/download,"Mass. COVID-19 Exec. Order No. 31 (May 1, 2020)"
325887,MA,Middlesex County,25,17,5/14/2020,1,Yes,Official,https://www.mass.gov/doc/may-1-2020-masks-and-face-coverings/download,"Mass. COVID-19 Exec. Order No. 31 (May 1, 2020)"
325888,MA,Middlesex County,25,17,5/15/2020,1,Yes,Official,https://www.mass.gov/doc/may-1-2020-masks-and-face-coverings/download,"Mass. COVID-19 Exec. Order No. 31 (May 1, 2020)"
325889,MA,Middlesex County,25,17,5/16/2020,1,Yes,Official,https://www.mass.gov/doc/may-1-2020-masks-and-face-coverings/download,"Mass. COVID-19 Exec. Order No. 31 (May 1, 2020)"
325890,MA,Middlesex County,25,17,5/17/2020,1,Yes,Official,https://www.mass.gov/doc/may-1-2020-masks-and-face-coverings/download,"Mass. COVID-19 Exec. Order No. 31 (May 1, 2020)"
325891,MA,Middlesex County,25,17,5/18/2020,1,Yes,Official,https://www.mass.gov/doc/may-1-2020-masks-and-face-coverings/download,"Mass. COVID-19 Exec. Order No. 31 (May 1, 2020)"
325892,MA,Middlesex County,25,17,5/19/2020,1,Yes,Official,https://www.mass.gov/doc/may-1-2020-masks-and-face-coverings/download,"Mass. COVID-19 Exec. Order No. 31 (May 1, 2020)"
325893,MA,Middlesex County,25,17,5/20/2020,1,Yes,Official,https://www.mass.gov/doc/may-1-2020-masks-and-face-coverings/download,"Mass. COVID-19 Exec. Order No. 31 (May 1, 2020)"
325894,MA,Middlesex County,25,17,5/21/2020,1,Yes,Official,https://www.mass.gov/doc/may-1-2020-masks-and-face-coverings/download,"Mass. COVID-19 Exec. Order No. 31 (May 1, 2020)"
325895,MA,Middlesex County,25,17,5/22/2020,1,Yes,Official,https://www.mass.gov/doc/may-1-2020-masks-and-face-coverings/download,"Mass. COVID-19 Exec. Order No. 31 (May 1, 2020)"
325896,MA,Middlesex County,25,17,5/23/2020,1,Yes,Official,https://www.mass.gov/doc/may-1-2020-masks-and-face-coverings/download,"Mass. COVID-19 Exec. Order No. 31 (May 1, 2020)"
325897,MA,Middlesex County,25,17,5/24/2020,1,Yes,Official,https://www.mass.gov/doc/may-1-2020-masks-and-face-coverings/download,"Mass. COVID-19 Exec. Order No. 31 (May 1, 2020)"
325898,MA,Middlesex County,25,17,5/25/2020,1,Yes,Official,https://www.mass.gov/doc/may-1-2020-masks-and-face-coverings/download,"Mass. COVID-19 Exec. Order No. 31 (May 1, 2020)"
325899,MA,Middlesex County,25,17,5/26/2020,1,Yes,Official,https://www.mass.gov/doc/may-1-2020-masks-and-face-coverings/download,"Mass. COVID-19 Exec. Order No. 31 (May 1, 2020)"
325900,MA,Middlesex County,25,17,5/27/2020,1,Yes,Official,https://www.mass.gov/doc/may-1-2020-masks-and-face-coverings/download,"Mass. COVID-19 Exec. Order No. 31 (May 1, 2020)"
325901,MA,Middlesex County,25,17,5/28/2020,1,Yes,Official,https://www.mass.gov/doc/may-1-2020-masks-and-face-coverings/download,"Mass. COVID-19 Exec. Order No. 31 (May 1, 2020)"
325902,MA,Middlesex County,25,17,5/29/2020,1,Yes,Official,https://www.mass.gov/doc/may-1-2020-masks-and-face-coverings/download,"Mass. COVID-19 Exec. Order No. 31 (May 1, 2020)"
325903,MA,Middlesex County,25,17,5/30/2020,1,Yes,Official,https://www.mass.gov/doc/may-1-2020-masks-and-face-coverings/download,"Mass. COVID-19 Exec. Order No. 31 (May 1, 2020)"
325904,MA,Middlesex County,25,17,5/31/2020,1,Yes,Official,https://www.mass.gov/doc/may-1-2020-masks-and-face-coverings/download,"Mass. COVID-19 Exec. Order No. 31 (May 1, 2020)"
325905,MA,Middlesex County,25,17,6/1/2020,1,Yes,Official,https://www.mass.gov/doc/may-1-2020-masks-and-face-coverings/download,"Mass. COVID-19 Exec. Order No. 31 (May 1, 2020)"
325906,MA,Middlesex County,25,17,6/2/2020,1,Yes,Official,https://www.mass.gov/doc/may-1-2020-masks-and-face-coverings/download,"Mass. COVID-19 Exec. Order No. 31 (May 1, 2020)"
325907,MA,Middlesex County,25,17,6/3/2020,1,Yes,Official,https://www.mass.gov/doc/may-1-2020-masks-and-face-coverings/download,"Mass. COVID-19 Exec. Order No. 31 (May 1, 2020)"
325908,MA,Middlesex County,25,17,6/4/2020,1,Yes,Official,https://www.mass.gov/doc/may-1-2020-masks-and-face-coverings/download,"Mass. COVID-19 Exec. Order No. 31 (May 1, 2020)"
325909,MA,Middlesex County,25,17,6/5/2020,1,Yes,Official,https://www.mass.gov/doc/may-1-2020-masks-and-face-coverings/download,"Mass. COVID-19 Exec. Order No. 31 (May 1, 2020)"
325910,MA,Middlesex County,25,17,6/6/2020,1,Yes,Official,https://www.mass.gov/doc/may-1-2020-masks-and-face-coverings/download,"Mass. COVID-19 Exec. Order No. 31 (May 1, 2020)"
325911,MA,Middlesex County,25,17,6/7/2020,1,Yes,Official,https://www.mass.gov/doc/may-1-2020-masks-and-face-coverings/download,"Mass. COVID-19 Exec. Order No. 31 (May 1, 2020)"
325912,MA,Middlesex County,25,17,6/8/2020,1,Yes,Official,https://www.mass.gov/doc/may-1-2020-masks-and-face-coverings/download,"Mass. COVID-19 Exec. Order No. 31 (May 1, 2020)"
325914,MA,Middlesex County,25,17,6/9/2020,1,Yes,Official,https://www.mass.gov/doc/may-1-2020-masks-and-face-coverings/download,"Mass. COVID-19 Exec. Order No. 31 (May 1, 2020)"
325915,MA,Middlesex County,25,17,6/10/2020,1,Yes,Official,https://www.mass.gov/doc/may-1-2020-masks-and-face-coverings/download,"Mass. COVID-19 Exec. Order No. 31 (May 1, 2020)"
325916,MA,Middlesex County,25,17,6/11/2020,1,Yes,Official,https://www.mass.gov/doc/may-1-2020-masks-and-face-coverings/download,"Mass. COVID-19 Exec. Order No. 31 (May 1, 2020)"
325917,MA,Middlesex County,25,17,6/12/2020,1,Yes,Official,https://www.mass.gov/doc/may-1-2020-masks-and-face-coverings/download,"Mass. COVID-19 Exec. Order No. 31 (May 1, 2020)"
325918,MA,Middlesex County,25,17,6/13/2020,1,Yes,Official,https://www.mass.gov/doc/may-1-2020-masks-and-face-coverings/download,"Mass. COVID-19 Exec. Order No. 31 (May 1, 2020)"
325919,MA,Middlesex County,25,17,6/14/2020,1,Yes,Official,https://www.mass.gov/doc/may-1-2020-masks-and-face-coverings/download,"Mass. COVID-19 Exec. Order No. 31 (May 1, 2020)"
325920,MA,Middlesex County,25,17,6/15/2020,1,Yes,Official,https://www.mass.gov/doc/may-1-2020-masks-and-face-coverings/download,"Mass. COVID-19 Exec. Order No. 31 (May 1, 2020)"
325921,MA,Middlesex County,25,17,6/16/2020,1,Yes,Official,https://www.mass.gov/doc/may-1-2020-masks-and-face-coverings/download,"Mass. COVID-19 Exec. Order No. 31 (May 1, 2020)"
325922,MA,Middlesex County,25,17,6/17/2020,1,Yes,Official,https://www.mass.gov/doc/may-1-2020-masks-and-face-coverings/download,"Mass. COVID-19 Exec. Order No. 31 (May 1, 2020)"
325923,MA,Middlesex County,25,17,6/18/2020,1,Yes,Official,https://www.mass.gov/doc/may-1-2020-masks-and-face-coverings/download,"Mass. COVID-19 Exec. Order No. 31 (May 1, 2020)"
325924,MA,Middlesex County,25,17,6/19/2020,1,Yes,Official,https://www.mass.gov/doc/may-1-2020-masks-and-face-coverings/download,"Mass. COVID-19 Exec. Order No. 31 (May 1, 2020)"
325925,MA,Middlesex County,25,17,6/20/2020,1,Yes,Official,https://www.mass.gov/doc/may-1-2020-masks-and-face-coverings/download,"Mass. COVID-19 Exec. Order No. 31 (May 1, 2020)"
325926,MA,Middlesex County,25,17,6/21/2020,1,Yes,Official,https://www.mass.gov/doc/may-1-2020-masks-and-face-coverings/download,"Mass. COVID-19 Exec. Order No. 31 (May 1, 2020)"
325927,MA,Middlesex County,25,17,6/22/2020,1,Yes,Official,https://www.mass.gov/doc/may-1-2020-masks-and-face-coverings/download,"Mass. COVID-19 Exec. Order No. 31 (May 1, 2020)"
325928,MA,Middlesex County,25,17,6/23/2020,1,Yes,Official,https://www.mass.gov/doc/may-1-2020-masks-and-face-coverings/download,"Mass. COVID-19 Exec. Order No. 31 (May 1, 2020)"
325929,MA,Middlesex County,25,17,6/24/2020,1,Yes,Official,https://www.mass.gov/doc/may-1-2020-masks-and-face-coverings/download,"Mass. COVID-19 Exec. Order No. 31 (May 1, 2020)"
325930,MA,Middlesex County,25,17,6/25/2020,1,Yes,Official,https://www.mass.gov/doc/may-1-2020-masks-and-face-coverings/download,"Mass. COVID-19 Exec. Order No. 31 (May 1, 2020)"
325931,MA,Middlesex County,25,17,6/26/2020,1,Yes,Official,https://www.mass.gov/doc/may-1-2020-masks-and-face-coverings/download,"Mass. COVID-19 Exec. Order No. 31 (May 1, 2020)"
325932,MA,Middlesex County,25,17,6/27/2020,1,Yes,Official,https://www.mass.gov/doc/may-1-2020-masks-and-face-coverings/download,"Mass. COVID-19 Exec. Order No. 31 (May 1, 2020)"
325933,MA,Middlesex County,25,17,6/28/2020,1,Yes,Official,https://www.mass.gov/doc/may-1-2020-masks-and-face-coverings/download,"Mass. COVID-19 Exec. Order No. 31 (May 1, 2020)"
325934,MA,Middlesex County,25,17,6/29/2020,1,Yes,Official,https://www.mass.gov/doc/may-1-2020-masks-and-face-coverings/download,"Mass. COVID-19 Exec. Order No. 31 (May 1, 2020)"
325935,MA,Middlesex County,25,17,6/30/2020,1,Yes,Official,https://www.mass.gov/doc/may-1-2020-masks-and-face-coverings/download,"Mass. COVID-19 Exec. Order No. 31 (May 1, 2020)"
325936,MA,Middlesex County,25,17,7/1/2020,1,Yes,Official,https://www.mass.gov/doc/may-1-2020-masks-and-face-coverings/download,"Mass. COVID-19 Exec. Order No. 31 (May 1, 2020)"
325937,MA,Middlesex County,25,17,7/2/2020,1,Yes,Official,https://www.mass.gov/doc/may-1-2020-masks-and-face-coverings/download,"Mass. COVID-19 Exec. Order No. 31 (May 1, 2020)"
325938,MA,Middlesex County,25,17,7/3/2020,1,Yes,Official,https://www.mass.gov/doc/may-1-2020-masks-and-face-coverings/download,"Mass. COVID-19 Exec. Order No. 31 (May 1, 2020)"
325939,MA,Middlesex County,25,17,7/4/2020,1,Yes,Official,https://www.mass.gov/doc/may-1-2020-masks-and-face-coverings/download,"Mass. COVID-19 Exec. Order No. 31 (May 1, 2020)"
325940,MA,Middlesex County,25,17,7/5/2020,1,Yes,Official,https://www.mass.gov/doc/may-1-2020-masks-and-face-coverings/download,"Mass. COVID-19 Exec. Order No. 31 (May 1, 2020)"
325941,MA,Middlesex County,25,17,7/6/2020,1,Yes,Official,https://www.mass.gov/doc/may-1-2020-masks-and-face-coverings/download,"Mass. COVID-19 Exec. Order No. 31 (May 1, 2020)"
325942,MA,Middlesex County,25,17,7/7/2020,1,Yes,Official,https://www.mass.gov/doc/may-1-2020-masks-and-face-coverings/download,"Mass. COVID-19 Exec. Order No. 31 (May 1, 2020)"
325943,MA,Middlesex County,25,17,7/8/2020,1,Yes,Official,https://www.mass.gov/doc/may-1-2020-masks-and-face-coverings/download,"Mass. COVID-19 Exec. Order No. 31 (May 1, 2020)"
325944,MA,Middlesex County,25,17,7/9/2020,1,Yes,Official,https://www.mass.gov/doc/may-1-2020-masks-and-face-coverings/download,"Mass. COVID-19 Exec. Order No. 31 (May 1, 2020)"
325945,MA,Middlesex County,25,17,7/10/2020,1,Yes,Official,https://www.mass.gov/doc/may-1-2020-masks-and-face-coverings/download,"Mass. COVID-19 Exec. Order No. 31 (May 1, 2020)"
325946,MA,Middlesex County,25,17,7/11/2020,1,Yes,Official,https://www.mass.gov/doc/may-1-2020-masks-and-face-coverings/download,"Mass. COVID-19 Exec. Order No. 31 (May 1, 2020)"
325947,MA,Middlesex County,25,17,7/12/2020,1,Yes,Official,https://www.mass.gov/doc/may-1-2020-masks-and-face-coverings/download,"Mass. COVID-19 Exec. Order No. 31 (May 1, 2020)"
325949,MA,Middlesex County,25,17,7/13/2020,1,Yes,Official,https://www.mass.gov/doc/may-1-2020-masks-and-face-coverings/download,"Mass. COVID-19 Exec. Order No. 31 (May 1, 2020)"
325950,MA,Middlesex County,25,17,7/14/2020,1,Yes,Official,https://www.mass.gov/doc/may-1-2020-masks-and-face-coverings/download,"Mass. COVID-19 Exec. Order No. 31 (May 1, 2020)"
325951,MA,Middlesex County,25,17,7/15/2020,1,Yes,Official,https://www.mass.gov/doc/may-1-2020-masks-and-face-coverings/download,"Mass. COVID-19 Exec. Order No. 31 (May 1, 2020)"
325952,MA,Middlesex County,25,17,7/16/2020,1,Yes,Official,https://www.mass.gov/doc/may-1-2020-masks-and-face-coverings/download,"Mass. COVID-19 Exec. Order No. 31 (May 1, 2020)"
325953,MA,Middlesex County,25,17,7/17/2020,1,Yes,Official,https://www.mass.gov/doc/may-1-2020-masks-and-face-coverings/download,"Mass. COVID-19 Exec. Order No. 31 (May 1, 2020)"
325954,MA,Middlesex County,25,17,7/18/2020,1,Yes,Official,https://www.mass.gov/doc/may-1-2020-masks-and-face-coverings/download,"Mass. COVID-19 Exec. Order No. 31 (May 1, 2020)"
325955,MA,Middlesex County,25,17,7/19/2020,1,Yes,Official,https://www.mass.gov/doc/may-1-2020-masks-and-face-coverings/download,"Mass. COVID-19 Exec. Order No. 31 (May 1, 2020)"
325956,MA,Middlesex County,25,17,7/20/2020,1,Yes,Official,https://www.mass.gov/doc/may-1-2020-masks-and-face-coverings/download,"Mass. COVID-19 Exec. Order No. 31 (May 1, 2020)"
325957,MA,Middlesex County,25,17,7/21/2020,1,Yes,Official,https://www.mass.gov/doc/may-1-2020-masks-and-face-coverings/download,"Mass. COVID-19 Exec. Order No. 31 (May 1, 2020)"
325958,MA,Middlesex County,25,17,7/22/2020,1,Yes,Official,https://www.mass.gov/doc/may-1-2020-masks-and-face-coverings/download,"Mass. COVID-19 Exec. Order No. 31 (May 1, 2020)"
325959,MA,Middlesex County,25,17,7/23/2020,1,Yes,Official,https://www.mass.gov/doc/may-1-2020-masks-and-face-coverings/download,"Mass. COVID-19 Exec. Order No. 31 (May 1, 2020)"
325960,MA,Middlesex County,25,17,7/24/2020,1,Yes,Official,https://www.mass.gov/doc/may-1-2020-masks-and-face-coverings/download,"Mass. COVID-19 Exec. Order No. 31 (May 1, 2020)"
325961,MA,Middlesex County,25,17,7/25/2020,1,Yes,Official,https://www.mass.gov/doc/may-1-2020-masks-and-face-coverings/download,"Mass. COVID-19 Exec. Order No. 31 (May 1, 2020)"
325962,MA,Middlesex County,25,17,7/26/2020,1,Yes,Official,https://www.mass.gov/doc/may-1-2020-masks-and-face-coverings/download,"Mass. COVID-19 Exec. Order No. 31 (May 1, 2020)"
325963,MA,Middlesex County,25,17,7/27/2020,1,Yes,Official,https://www.mass.gov/doc/may-1-2020-masks-and-face-coverings/download,"Mass. COVID-19 Exec. Order No. 31 (May 1, 2020)"
325964,MA,Middlesex County,25,17,7/28/2020,1,Yes,Official,https://www.mass.gov/doc/may-1-2020-masks-and-face-coverings/download,"Mass. COVID-19 Exec. Order No. 31 (May 1, 2020)"
325965,MA,Middlesex County,25,17,7/29/2020,1,Yes,Official,https://www.mass.gov/doc/may-1-2020-masks-and-face-coverings/download,"Mass. COVID-19 Exec. Order No. 31 (May 1, 2020)"
325966,MA,Middlesex County,25,17,7/30/2020,1,Yes,Official,https://www.mass.gov/doc/may-1-2020-masks-and-face-coverings/download,"Mass. COVID-19 Exec. Order No. 31 (May 1, 2020)"
325967,MA,Middlesex County,25,17,7/31/2020,1,Yes,Official,https://www.mass.gov/doc/may-1-2020-masks-and-face-coverings/download,"Mass. COVID-19 Exec. Order No. 31 (May 1, 2020)"
325968,MA,Middlesex County,25,17,8/1/2020,1,Yes,Official,https://www.mass.gov/doc/may-1-2020-masks-and-face-coverings/download,"Mass. COVID-19 Exec. Order No. 31 (May 1, 2020)"
325969,MA,Middlesex County,25,17,8/2/2020,1,Yes,Official,https://www.mass.gov/doc/may-1-2020-masks-and-face-coverings/download,"Mass. COVID-19 Exec. Order No. 31 (May 1, 2020)"
325970,MA,Middlesex County,25,17,8/3/2020,1,Yes,Official,https://www.mass.gov/doc/may-1-2020-masks-and-face-coverings/download,"Mass. COVID-19 Exec. Order No. 31 (May 1, 2020)"
325971,MA,Middlesex County,25,17,8/4/2020,1,Yes,Official,https://www.mass.gov/doc/may-1-2020-masks-and-face-coverings/download,"Mass. COVID-19 Exec. Order No. 31 (May 1, 2020)"
325972,MA,Middlesex County,25,17,8/5/2020,1,Yes,Official,https://www.mass.gov/doc/may-1-2020-masks-and-face-coverings/download,"Mass. COVID-19 Exec. Order No. 31 (May 1, 2020)"
325973,MA,Middlesex County,25,17,8/6/2020,1,Yes,Official,https://www.mass.gov/doc/may-1-2020-masks-and-face-coverings/download,"Mass. COVID-19 Exec. Order No. 31 (May 1, 2020)"
325974,MA,Middlesex County,25,17,8/7/2020,1,Yes,Official,https://www.mass.gov/doc/may-1-2020-masks-and-face-coverings/download,"Mass. COVID-19 Exec. Order No. 31 (May 1, 2020)"
325975,MA,Middlesex County,25,17,8/8/2020,1,Yes,Official,https://www.mass.gov/doc/may-1-2020-masks-and-face-coverings/download,"Mass. COVID-19 Exec. Order No. 31 (May 1, 2020)"
325976,MA,Middlesex County,25,17,8/9/2020,1,Yes,Official,https://www.mass.gov/doc/may-1-2020-masks-and-face-coverings/download,"Mass. COVID-19 Exec. Order No. 31 (May 1, 2020)"
325977,MA,Middlesex County,25,17,8/10/2020,1,Yes,Official,https://www.mass.gov/doc/may-1-2020-masks-and-face-coverings/download,"Mass. COVID-19 Exec. Order No. 31 (May 1, 2020)"
325978,MA,Middlesex County,25,17,8/11/2020,1,Yes,Official,https://www.mass.gov/doc/may-1-2020-masks-and-face-coverings/download,"Mass. COVID-19 Exec. Order No. 31 (May 1, 2020)"
325979,MA,Middlesex County,25,17,8/12/2020,1,Yes,Official,https://www.mass.gov/doc/may-1-2020-masks-and-face-coverings/download,"Mass. COVID-19 Exec. Order No. 31 (May 1, 2020)"
325980,MA,Middlesex County,25,17,8/13/2020,1,Yes,Official,https://www.mass.gov/doc/may-1-2020-masks-and-face-coverings/download,"Mass. COVID-19 Exec. Order No. 31 (May 1, 2020)"
325981,MA,Middlesex County,25,17,8/14/2020,1,Yes,Official,https://www.mass.gov/doc/may-1-2020-masks-and-face-coverings/download,"Mass. COVID-19 Exec. Order No. 31 (May 1, 2020)"
325982,MA,Middlesex County,25,17,8/15/2020,1,Yes,Official,https://www.mass.gov/doc/may-1-2020-masks-and-face-coverings/download,"Mass. COVID-19 Exec. Order No. 31 (May 1, 2020)"
325984,MA,Middlesex County,25,17,8/16/2020,1,Yes,Official,https://www.mass.gov/doc/may-1-2020-masks-and-face-coverings/download,"Mass. COVID-19 Exec. Order No. 31 (May 1, 2020)"
325985,MA,Middlesex County,25,17,8/17/2020,1,Yes,Official,https://www.mass.gov/doc/may-1-2020-masks-and-face-coverings/download,"Mass. COVID-19 Exec. Order No. 31 (May 1, 2020)"
325986,MA,Middlesex County,25,17,8/18/2020,1,Yes,Official,https://www.mass.gov/doc/signed-amended-penalty-provision-no-48/download,"Mass. COVID-19 Exec. Order No. 48 (Aug. 18, 2020)"
325987,MA,Middlesex County,25,17,8/19/2020,1,Yes,Official,https://www.mass.gov/doc/signed-amended-penalty-provision-no-48/download,"Mass. COVID-19 Exec. Order No. 48 (Aug. 18, 2020)"
325988,MA,Middlesex County,25,17,8/20/2020,1,Yes,Official,https://www.mass.gov/doc/signed-amended-penalty-provision-no-48/download,"Mass. COVID-19 Exec. Order No. 48 (Aug. 18, 2020)"
325989,MA,Middlesex County,25,17,8/21/2020,1,Yes,Official,https://www.mass.gov/doc/signed-amended-penalty-provision-no-48/download,"Mass. COVID-19 Exec. Order No. 48 (Aug. 18, 2020)"
325990,MA,Middlesex County,25,17,8/22/2020,1,Yes,Official,https://www.mass.gov/doc/signed-amended-penalty-provision-no-48/download,"Mass. COVID-19 Exec. Order No. 48 (Aug. 18, 2020)"
325991,MA,Middlesex County,25,17,8/23/2020,1,Yes,Official,https://www.mass.gov/doc/signed-amended-penalty-provision-no-48/download,"Mass. COVID-19 Exec. Order No. 48 (Aug. 18, 2020)"
325992,MA,Middlesex County,25,17,8/24/2020,1,Yes,Official,https://www.mass.gov/doc/signed-amended-penalty-provision-no-48/download,"Mass. COVID-19 Exec. Order No. 48 (Aug. 18, 2020)"
325993,MA,Middlesex County,25,17,8/25/2020,1,Yes,Official,https://www.mass.gov/doc/signed-amended-penalty-provision-no-48/download,"Mass. COVID-19 Exec. Order No. 48 (Aug. 18, 2020)"
325994,MA,Middlesex County,25,17,8/26/2020,1,Yes,Official,https://www.mass.gov/doc/signed-amended-penalty-provision-no-48/download,"Mass. COVID-19 Exec. Order No. 48 (Aug. 18, 2020)"
325995,MA,Middlesex County,25,17,8/27/2020,1,Yes,Official,https://www.mass.gov/doc/signed-amended-penalty-provision-no-48/download,"Mass. COVID-19 Exec. Order No. 48 (Aug. 18, 2020)"
325996,MA,Middlesex County,25,17,8/28/2020,1,Yes,Official,https://www.mass.gov/doc/signed-amended-penalty-provision-no-48/download,"Mass. COVID-19 Exec. Order No. 48 (Aug. 18, 2020)"
325997,MA,Middlesex County,25,17,8/29/2020,1,Yes,Official,https://www.mass.gov/doc/signed-amended-penalty-provision-no-48/download,"Mass. COVID-19 Exec. Order No. 48 (Aug. 18, 2020)"
325998,MA,Middlesex County,25,17,8/30/2020,1,Yes,Official,https://www.mass.gov/doc/signed-amended-penalty-provision-no-48/download,"Mass. COVID-19 Exec. Order No. 48 (Aug. 18, 2020)"
325999,MA,Middlesex County,25,17,8/31/2020,1,Yes,Official,https://www.mass.gov/doc/signed-amended-penalty-provision-no-48/download,"Mass. COVID-19 Exec. Order No. 48 (Aug. 18, 2020)"
326000,MA,Middlesex County,25,17,9/1/2020,1,Yes,Official,https://www.mass.gov/doc/signed-amended-penalty-provision-no-48/download,"Mass. COVID-19 Exec. Order No. 48 (Aug. 18, 2020)"
326001,MA,Middlesex County,25,17,9/2/2020,1,Yes,Official,https://www.mass.gov/doc/signed-amended-penalty-provision-no-48/download,"Mass. COVID-19 Exec. Order No. 48 (Aug. 18, 2020)"
326002,MA,Middlesex County,25,17,9/3/2020,1,Yes,Official,https://www.mass.gov/doc/signed-amended-penalty-provision-no-48/download,"Mass. COVID-19 Exec. Order No. 48 (Aug. 18, 2020)"
326003,MA,Middlesex County,25,17,9/4/2020,1,Yes,Official,https://www.mass.gov/doc/signed-amended-penalty-provision-no-48/download,"Mass. COVID-19 Exec. Order No. 48 (Aug. 18, 2020)"
326004,MA,Middlesex County,25,17,9/5/2020,1,Yes,Official,https://www.mass.gov/doc/signed-amended-penalty-provision-no-48/download,"Mass. COVID-19 Exec. Order No. 48 (Aug. 18, 2020)"
326005,MA,Middlesex County,25,17,9/6/2020,1,Yes,Official,https://www.mass.gov/doc/signed-amended-penalty-provision-no-48/download,"Mass. COVID-19 Exec. Order No. 48 (Aug. 18, 2020)"
326006,MA,Middlesex County,25,17,9/7/2020,1,Yes,Official,https://www.mass.gov/doc/signed-amended-penalty-provision-no-48/download,"Mass. COVID-19 Exec. Order No. 48 (Aug. 18, 2020)"
326007,MA,Middlesex County,25,17,9/8/2020,1,Yes,Official,https://www.mass.gov/doc/signed-amended-penalty-provision-no-48/download,"Mass. COVID-19 Exec. Order No. 48 (Aug. 18, 2020)"
326008,MA,Middlesex County,25,17,9/9/2020,1,Yes,Official,https://www.mass.gov/doc/signed-amended-penalty-provision-no-48/download,"Mass. COVID-19 Exec. Order No. 48 (Aug. 18, 2020)"
326009,MA,Middlesex County,25,17,9/10/2020,1,Yes,Official,https://www.mass.gov/doc/signed-amended-penalty-provision-no-48/download,"Mass. COVID-19 Exec. Order No. 48 (Aug. 18, 2020)"
326010,MA,Middlesex County,25,17,9/11/2020,1,Yes,Official,https://www.mass.gov/doc/signed-amended-penalty-provision-no-48/download,"Mass. COVID-19 Exec. Order No. 48 (Aug. 18, 2020)"
326011,MA,Middlesex County,25,17,9/12/2020,1,Yes,Official,https://www.mass.gov/doc/signed-amended-penalty-provision-no-48/download,"Mass. COVID-19 Exec. Order No. 48 (Aug. 18, 2020)"
326012,MA,Middlesex County,25,17,9/13/2020,1,Yes,Official,https://www.mass.gov/doc/signed-amended-penalty-provision-no-48/download,"Mass. COVID-19 Exec. Order No. 48 (Aug. 18, 2020)"
326013,MA,Middlesex County,25,17,9/14/2020,1,Yes,Official,https://www.mass.gov/doc/signed-amended-penalty-provision-no-48/download,"Mass. COVID-19 Exec. Order No. 48 (Aug. 18, 2020)"
326014,MA,Middlesex County,25,17,9/15/2020,1,Yes,Official,https://www.mass.gov/doc/signed-amended-penalty-provision-no-48/download,"Mass. COVID-19 Exec. Order No. 48 (Aug. 18, 2020)"
326015,MA,Middlesex County,25,17,9/16/2020,1,Yes,Official,https://www.mass.gov/doc/signed-amended-penalty-provision-no-48/download,"Mass. COVID-19 Exec. Order No. 48 (Aug. 18, 2020)"
326016,MA,Middlesex County,25,17,9/17/2020,1,Yes,Official,https://www.mass.gov/doc/signed-amended-penalty-provision-no-48/download,"Mass. COVID-19 Exec. Order No. 48 (Aug. 18, 2020)"
326018,MA,Middlesex County,25,17,9/18/2020,1,Yes,Official,https://www.mass.gov/doc/signed-amended-penalty-provision-no-48/download,"Mass. COVID-19 Exec. Order No. 48 (Aug. 18, 2020)"
326019,MA,Middlesex County,25,17,9/19/2020,1,Yes,Official,https://www.mass.gov/doc/signed-amended-penalty-provision-no-48/download,"Mass. COVID-19 Exec. Order No. 48 (Aug. 18, 2020)"
326020,MA,Middlesex County,25,17,9/20/2020,1,Yes,Official,https://www.mass.gov/doc/signed-amended-penalty-provision-no-48/download,"Mass. COVID-19 Exec. Order No. 48 (Aug. 18, 2020)"
326021,MA,Middlesex County,25,17,9/21/2020,1,Yes,Official,https://www.mass.gov/doc/signed-amended-penalty-provision-no-48/download,"Mass. COVID-19 Exec. Order No. 48 (Aug. 18, 2020)"
326022,MA,Middlesex County,25,17,9/22/2020,1,Yes,Official,https://www.mass.gov/doc/signed-amended-penalty-provision-no-48/download,"Mass. COVID-19 Exec. Order No. 48 (Aug. 18, 2020)"
326023,MA,Middlesex County,25,17,9/23/2020,1,Yes,Official,https://www.mass.gov/doc/signed-amended-penalty-provision-no-48/download,"Mass. COVID-19 Exec. Order No. 48 (Aug. 18, 2020)"
326024,MA,Middlesex County,25,17,9/24/2020,1,Yes,Official,https://www.mass.gov/doc/signed-amended-penalty-provision-no-48/download,"Mass. COVID-19 Exec. Order No. 48 (Aug. 18, 2020)"
326025,MA,Middlesex County,25,17,9/25/2020,1,Yes,Official,https://www.mass.gov/doc/signed-amended-penalty-provision-no-48/download,"Mass. COVID-19 Exec. Order No. 48 (Aug. 18, 2020)"
326026,MA,Middlesex County,25,17,9/26/2020,1,Yes,Official,https://www.mass.gov/doc/signed-amended-penalty-provision-no-48/download,"Mass. COVID-19 Exec. Order No. 48 (Aug. 18, 2020)"
326027,MA,Middlesex County,25,17,9/27/2020,1,Yes,Official,https://www.mass.gov/doc/signed-amended-penalty-provision-no-48/download,"Mass. COVID-19 Exec. Order No. 48 (Aug. 18, 2020)"
326028,MA,Middlesex County,25,17,9/28/2020,1,Yes,Official,https://www.mass.gov/doc/signed-amended-penalty-provision-no-48/download,"Mass. COVID-19 Exec. Order No. 48 (Aug. 18, 2020)"
326029,MA,Middlesex County,25,17,9/29/2020,1,Yes,Official,https://www.mass.gov/doc/signed-amended-penalty-provision-no-48/download,"Mass. COVID-19 Exec. Order No. 48 (Aug. 18, 2020)"
326030,MA,Middlesex County,25,17,9/30/2020,1,Yes,Official,https://www.mass.gov/doc/signed-amended-penalty-provision-no-48/download,"Mass. COVID-19 Exec. Order No. 48 (Aug. 18, 2020)"
326031,MA,Middlesex County,25,17,10/1/2020,1,Yes,Official,https://www.mass.gov/doc/signed-amended-penalty-provision-no-48/download,"Mass. COVID-19 Exec. Order No. 48 (Aug. 18, 2020)"
326032,MA,Middlesex County,25,17,10/2/2020,1,Yes,Official,https://www.mass.gov/doc/signed-amended-penalty-provision-no-48/download,"Mass. COVID-19 Exec. Order No. 48 (Aug. 18, 2020)"
326033,MA,Middlesex County,25,17,10/3/2020,1,Yes,Official,https://www.mass.gov/doc/signed-amended-penalty-provision-no-48/download,"Mass. COVID-19 Exec. Order No. 48 (Aug. 18, 2020)"
326034,MA,Middlesex County,25,17,10/4/2020,1,Yes,Official,https://www.mass.gov/doc/signed-amended-penalty-provision-no-48/download,"Mass. COVID-19 Exec. Order No. 48 (Aug. 18, 2020)"
326035,MA,Middlesex County,25,17,10/5/2020,1,Yes,Official,https://www.mass.gov/doc/signed-amended-penalty-provision-no-48/download,"Mass. COVID-19 Exec. Order No. 48 (Aug. 18, 2020)"
326036,MA,Middlesex County,25,17,10/6/2020,1,Yes,Official,https://www.mass.gov/doc/signed-amended-penalty-provision-no-48/download,"Mass. COVID-19 Exec. Order No. 48 (Aug. 18, 2020)"
326037,MA,Middlesex County,25,17,10/7/2020,1,Yes,Official,https://www.mass.gov/doc/signed-amended-penalty-provision-no-48/download,"Mass. COVID-19 Exec. Order No. 48 (Aug. 18, 2020)"
326038,MA,Middlesex County,25,17,10/8/2020,1,Yes,Official,https://www.mass.gov/doc/signed-amended-penalty-provision-no-48/download,"Mass. COVID-19 Exec. Order No. 48 (Aug. 18, 2020)"
326039,MA,Middlesex County,25,17,10/9/2020,1,Yes,Official,https://www.mass.gov/doc/signed-amended-penalty-provision-no-48/download,"Mass. COVID-19 Exec. Order No. 48 (Aug. 18, 2020)"
326040,MA,Middlesex County,25,17,10/10/2020,1,Yes,Official,https://www.mass.gov/doc/signed-amended-penalty-provision-no-48/download,"Mass. COVID-19 Exec. Order No. 48 (Aug. 18, 2020)"
326041,MA,Middlesex County,25,17,10/11/2020,1,Yes,Official,https://www.mass.gov/doc/signed-amended-penalty-provision-no-48/download,"Mass. COVID-19 Exec. Order No. 48 (Aug. 18, 2020)"
326042,MA,Middlesex County,25,17,10/12/2020,1,Yes,Official,https://www.mass.gov/doc/signed-amended-penalty-provision-no-48/download,"Mass. COVID-19 Exec. Order No. 48 (Aug. 18, 2020)"
326043,MA,Middlesex County,25,17,10/13/2020,1,Yes,Official,https://www.mass.gov/doc/signed-amended-penalty-provision-no-48/download,"Mass. COVID-19 Exec. Order No. 48 (Aug. 18, 2020)"
326044,MA,Middlesex County,25,17,10/14/2020,1,Yes,Official,https://www.mass.gov/doc/signed-amended-penalty-provision-no-48/download,"Mass. COVID-19 Exec. Order No. 48 (Aug. 18, 2020)"
326045,MA,Middlesex County,25,17,10/15/2020,1,Yes,Official,https://www.mass.gov/doc/signed-amended-penalty-provision-no-48/download,"Mass. COVID-19 Exec. Order No. 48 (Aug. 18, 2020)"
326046,MA,Middlesex County,25,17,10/16/2020,1,Yes,Official,https://www.mass.gov/doc/signed-amended-penalty-provision-no-48/download,"Mass. COVID-19 Exec. Order No. 48 (Aug. 18, 2020)"
326047,MA,Middlesex County,25,17,10/17/2020,1,Yes,Official,https://www.mass.gov/doc/signed-amended-penalty-provision-no-48/download,"Mass. COVID-19 Exec. Order No. 48 (Aug. 18, 2020)"
326048,MA,Middlesex County,25,17,10/18/2020,1,Yes,Official,https://www.mass.gov/doc/signed-amended-penalty-provision-no-48/download,"Mass. COVID-19 Exec. Order No. 48 (Aug. 18, 2020)"
326049,MA,Middlesex County,25,17,10/19/2020,1,Yes,Official,https://www.mass.gov/doc/signed-amended-penalty-provision-no-48/download,"Mass. COVID-19 Exec. Order No. 48 (Aug. 18, 2020)"
326050,MA,Middlesex County,25,17,10/20/2020,1,Yes,Official,https://www.mass.gov/doc/signed-amended-penalty-provision-no-48/download,"Mass. COVID-19 Exec. Order No. 48 (Aug. 18, 2020)"
326051,MA,Middlesex County,25,17,10/21/2020,1,Yes,Official,https://www.mass.gov/doc/signed-amended-penalty-provision-no-48/download,"Mass. COVID-19 Exec. Order No. 48 (Aug. 18, 2020)"
326052,MA,Middlesex County,25,17,10/22/2020,1,Yes,Official,https://www.mass.gov/doc/signed-amended-penalty-provision-no-48/download,"Mass. COVID-19 Exec. Order No. 48 (Aug. 18, 2020)"
326053,MA,Middlesex County,25,17,10/23/2020,1,Yes,Official,https://www.mass.gov/doc/signed-amended-penalty-provision-no-48/download,"Mass. COVID-19 Exec. Order No. 48 (Aug. 18, 2020)"
326054,MA,Middlesex County,25,17,10/24/2020,1,Yes,Official,https://www.mass.gov/doc/signed-amended-penalty-provision-no-48/download,"Mass. COVID-19 Exec. Order No. 48 (Aug. 18, 2020)"
326055,MA,Middlesex County,25,17,10/25/2020,1,Yes,Official,https://www.mass.gov/doc/signed-amended-penalty-provision-no-48/download,"Mass. COVID-19 Exec. Order No. 48 (Aug. 18, 2020)"
326056,MA,Middlesex County,25,17,10/26/2020,1,Yes,Official,https://www.mass.gov/doc/signed-amended-penalty-provision-no-48/download,"Mass. COVID-19 Exec. Order No. 48 (Aug. 18, 2020)"
326057,MA,Middlesex County,25,17,10/27/2020,1,Yes,Official,https://www.mass.gov/doc/signed-amended-penalty-provision-no-48/download,"Mass. COVID-19 Exec. Order No. 48 (Aug. 18, 2020)"
326058,MA,Middlesex County,25,17,10/28/2020,1,Yes,Official,https://www.mass.gov/doc/signed-amended-penalty-provision-no-48/download,"Mass. COVID-19 Exec. Order No. 48 (Aug. 18, 2020)"
326059,MA,Middlesex County,25,17,10/29/2020,1,Yes,Official,https://www.mass.gov/doc/signed-amended-penalty-provision-no-48/download,"Mass. COVID-19 Exec. Order No. 48 (Aug. 18, 2020)"
326060,MA,Middlesex County,25,17,10/30/2020,1,Yes,Official,https://www.mass.gov/doc/signed-amended-penalty-provision-no-48/download,"Mass. COVID-19 Exec. Order No. 48 (Aug. 18, 2020)"
326061,MA,Middlesex County,25,17,10/31/2020,1,Yes,Official,https://www.mass.gov/doc/signed-amended-penalty-provision-no-48/download,"Mass. COVID-19 Exec. Order No. 48 (Aug. 18, 2020)"
326062,MA,Middlesex County,25,17,11/1/2020,1,Yes,Official,https://www.mass.gov/doc/signed-amended-penalty-provision-no-48/download,"Mass. COVID-19 Exec. Order No. 48 (Aug. 18, 2020)"
326063,MA,Middlesex County,25,17,11/2/2020,1,Yes,Official,https://www.mass.gov/doc/signed-amended-penalty-provision-no-48/download,"Mass. COVID-19 Exec. Order No. 48 (Aug. 18, 2020)"
326064,MA,Middlesex County,25,17,11/3/2020,1,Yes,Official,https://www.mass.gov/doc/signed-amended-penalty-provision-no-48/download,"Mass. COVID-19 Exec. Order No. 48 (Aug. 18, 2020)"
326065,MA,Middlesex County,25,17,11/4/2020,1,Yes,Official,https://www.mass.gov/doc/signed-amended-penalty-provision-no-48/download,"Mass. COVID-19 Exec. Order No. 48 (Aug. 18, 2020)"
326066,MA,Middlesex County,25,17,11/5/2020,1,Yes,Official,https://www.mass.gov/doc/signed-amended-penalty-provision-no-48/download,"Mass. COVID-19 Exec. Order No. 48 (Aug. 18, 2020)"
326067,MA,Middlesex County,25,17,11/6/2020,1,Yes,Official,https://www.mass.gov/doc/guidance-for-face-masks-in-public-settings/download,"Mass. Health Order (Nov. 4, 2020)"
326068,MA,Middlesex County,25,17,11/7/2020,1,Yes,Official,https://www.mass.gov/doc/guidance-for-face-masks-in-public-settings/download,"Mass. Health Order (Nov. 4, 2020)"
326069,MA,Middlesex County,25,17,11/8/2020,1,Yes,Official,https://www.mass.gov/doc/guidance-for-face-masks-in-public-settings/download,"Mass. Health Order (Nov. 4, 2020)"
326070,MA,Middlesex County,25,17,11/9/2020,1,Yes,Official,https://www.mass.gov/doc/guidance-for-face-masks-in-public-settings/download,"Mass. Health Order (Nov. 4, 2020)"
326071,MA,Middlesex County,25,17,11/10/2020,1,Yes,Official,https://www.mass.gov/doc/guidance-for-face-masks-in-public-settings/download,"Mass. Health Order (Nov. 4, 2020)"
326072,MA,Middlesex County,25,17,11/11/2020,1,Yes,Official,https://www.mass.gov/doc/guidance-for-face-masks-in-public-settings/download,"Mass. Health Order (Nov. 4, 2020)"
326073,MA,Middlesex County,25,17,11/12/2020,1,Yes,Official,https://www.mass.gov/doc/guidance-for-face-masks-in-public-settings/download,"Mass. Health Order (Nov. 4, 2020)"
326074,MA,Middlesex County,25,17,11/13/2020,1,Yes,Official,https://www.mass.gov/doc/guidance-for-face-masks-in-public-settings/download,"Mass. Health Order (Nov. 4, 2020)"
326075,MA,Middlesex County,25,17,11/14/2020,1,Yes,Official,https://www.mass.gov/doc/guidance-for-face-masks-in-public-settings/download,"Mass. Health Order (Nov. 4, 2020)"
326076,MA,Middlesex County,25,17,11/15/2020,1,Yes,Official,https://www.mass.gov/doc/guidance-for-face-masks-in-public-settings/download,"Mass. Health Order (Nov. 4, 2020)"
326077,MA,Middlesex County,25,17,11/16/2020,1,Yes,Official,https://www.mass.gov/doc/guidance-for-face-masks-in-public-settings/download,"Mass. Health Order (Nov. 4, 2020)"
326078,MA,Middlesex County,25,17,11/17/2020,1,Yes,Official,https://www.mass.gov/doc/guidance-for-face-masks-in-public-settings/download,"Mass. Health Order (Nov. 4, 2020)"
326079,MA,Middlesex County,25,17,11/18/2020,1,Yes,Official,https://www.mass.gov/doc/guidance-for-face-masks-in-public-settings/download,"Mass. Health Order (Nov. 4, 2020)"
326080,MA,Middlesex County,25,17,11/19/2020,1,Yes,Official,https://www.mass.gov/doc/guidance-for-face-masks-in-public-settings/download,"Mass. Health Order (Nov. 4, 2020)"
326081,MA,Middlesex County,25,17,11/20/2020,1,Yes,Official,https://www.mass.gov/doc/guidance-for-face-masks-in-public-settings/download,"Mass. Health Order (Nov. 4, 2020)"
326082,MA,Middlesex County,25,17,11/21/2020,1,Yes,Official,https://www.mass.gov/doc/guidance-for-face-masks-in-public-settings/download,"Mass. Health Order (Nov. 4, 2020)"
326083,MA,Middlesex County,25,17,11/22/2020,1,Yes,Official,https://www.mass.gov/doc/guidance-for-face-masks-in-public-settings/download,"Mass. Health Order (Nov. 4, 2020)"
326084,MA,Middlesex County,25,17,11/23/2020,1,Yes,Official,https://www.mass.gov/doc/guidance-for-face-masks-in-public-settings/download,"Mass. Health Order (Nov. 4, 2020)"
326086,MA,Middlesex County,25,17,11/24/2020,1,Yes,Official,https://www.mass.gov/doc/guidance-for-face-masks-in-public-settings/download,"Mass. Health Order (Nov. 4, 2020)"
326087,MA,Middlesex County,25,17,11/25/2020,1,Yes,Official,https://www.mass.gov/doc/guidance-for-face-masks-in-public-settings/download,"Mass. Health Order (Nov. 4, 2020)"
326088,MA,Middlesex County,25,17,11/26/2020,1,Yes,Official,https://www.mass.gov/doc/guidance-for-face-masks-in-public-settings/download,"Mass. Health Order (Nov. 4, 2020)"
326089,MA,Middlesex County,25,17,11/27/2020,1,Yes,Official,https://www.mass.gov/doc/guidance-for-face-masks-in-public-settings/download,"Mass. Health Order (Nov. 4, 2020)"
326090,MA,Middlesex County,25,17,11/28/2020,1,Yes,Official,https://www.mass.gov/doc/guidance-for-face-masks-in-public-settings/download,"Mass. Health Order (Nov. 4, 2020)"
326091,MA,Middlesex County,25,17,11/29/2020,1,Yes,Official,https://www.mass.gov/doc/guidance-for-face-masks-in-public-settings/download,"Mass. Health Order (Nov. 4, 2020)"
326092,MA,Middlesex County,25,17,11/30/2020,1,Yes,Official,https://www.mass.gov/doc/guidance-for-face-masks-in-public-settings/download,"Mass. Health Order (Nov. 4, 2020)"
326093,MA,Middlesex County,25,17,12/1/2020,1,Yes,Official,https://www.mass.gov/doc/guidance-for-face-masks-in-public-settings/download,"Mass. Health Order (Nov. 4, 2020)"
326094,MA,Middlesex County,25,17,12/2/2020,1,Yes,Official,https://www.mass.gov/doc/guidance-for-face-masks-in-public-settings/download,"Mass. Health Order (Nov. 4, 2020)"
326095,MA,Middlesex County,25,17,12/3/2020,1,Yes,Official,https://www.mass.gov/doc/guidance-for-face-masks-in-public-settings/download,"Mass. Health Order (Nov. 4, 2020)"
326096,MA,Middlesex County,25,17,12/4/2020,1,Yes,Official,https://www.mass.gov/doc/guidance-for-face-masks-in-public-settings/download,"Mass. Health Order (Nov. 4, 2020)"
326097,MA,Middlesex County,25,17,12/5/2020,1,Yes,Official,https://www.mass.gov/doc/guidance-for-face-masks-in-public-settings/download,"Mass. Health Order (Nov. 4, 2020)"
326098,MA,Middlesex County,25,17,12/6/2020,1,Yes,Official,https://www.mass.gov/doc/guidance-for-face-masks-in-public-settings/download,"Mass. Health Order (Nov. 4, 2020)"
326099,MA,Middlesex County,25,17,12/7/2020,1,Yes,Official,https://www.mass.gov/doc/guidance-for-face-masks-in-public-settings/download,"Mass. Health Order (Nov. 4, 2020)"
326100,MA,Middlesex County,25,17,12/8/2020,1,Yes,Official,https://www.mass.gov/doc/guidance-for-face-masks-in-public-settings/download,"Mass. Health Order (Nov. 4, 2020)"
326101,MA,Middlesex County,25,17,12/9/2020,1,Yes,Official,https://www.mass.gov/doc/guidance-for-face-masks-in-public-settings/download,"Mass. Health Order (Nov. 4, 2020)"
326102,MA,Middlesex County,25,17,12/10/2020,1,Yes,Official,https://www.mass.gov/doc/guidance-for-face-masks-in-public-settings/download,"Mass. Health Order (Nov. 4, 2020)"
326103,MA,Middlesex County,25,17,12/11/2020,1,Yes,Official,https://www.mass.gov/doc/guidance-for-face-masks-in-public-settings/download,"Mass. Health Order (Nov. 4, 2020)"
326104,MA,Middlesex County,25,17,12/12/2020,1,Yes,Official,https://www.mass.gov/doc/guidance-for-face-masks-in-public-settings/download,"Mass. Health Order (Nov. 4, 2020)"
326105,MA,Middlesex County,25,17,12/13/2020,1,Yes,Official,https://www.mass.gov/doc/guidance-for-face-masks-in-public-settings/download,"Mass. Health Order (Nov. 4, 2020)"
326106,MA,Middlesex County,25,17,12/14/2020,1,Yes,Official,https://www.mass.gov/doc/guidance-for-face-masks-in-public-settings/download,"Mass. Health Order (Nov. 4, 2020)"
326107,MA,Middlesex County,25,17,12/15/2020,1,Yes,Official,https://www.mass.gov/doc/guidance-for-face-masks-in-public-settings/download,"Mass. Health Order (Nov. 4, 2020)"
326108,MA,Middlesex County,25,17,12/16/2020,1,Yes,Official,https://www.mass.gov/doc/guidance-for-face-masks-in-public-settings/download,"Mass. Health Order (Nov. 4, 2020)"
326109,MA,Middlesex County,25,17,12/17/2020,1,Yes,Official,https://www.mass.gov/doc/guidance-for-face-masks-in-public-settings/download,"Mass. Health Order (Nov. 4, 2020)"
326110,MA,Middlesex County,25,17,12/18/2020,1,Yes,Official,https://www.mass.gov/doc/guidance-for-face-masks-in-public-settings/download,"Mass. Health Order (Nov. 4, 2020)"
326111,MA,Middlesex County,25,17,12/19/2020,1,Yes,Official,https://www.mass.gov/doc/guidance-for-face-masks-in-public-settings/download,"Mass. Health Order (Nov. 4, 2020)"
326112,MA,Middlesex County,25,17,12/20/2020,1,Yes,Official,https://www.mass.gov/doc/guidance-for-face-masks-in-public-settings/download,"Mass. Health Order (Nov. 4, 2020)"
326113,MA,Middlesex County,25,17,12/21/2020,1,Yes,Official,https://www.mass.gov/doc/guidance-for-face-masks-in-public-settings/download,"Mass. Health Order (Nov. 4, 2020)"
326114,MA,Middlesex County,25,17,12/22/2020,1,Yes,Official,https://www.mass.gov/doc/guidance-for-face-masks-in-public-settings/download,"Mass. Health Order (Nov. 4, 2020)"
326115,MA,Middlesex County,25,17,12/23/2020,1,Yes,Official,https://www.mass.gov/doc/guidance-for-face-masks-in-public-settings/download,"Mass. Health Order (Nov. 4, 2020)"
326116,MA,Middlesex County,25,17,12/24/2020,1,Yes,Official,https://www.mass.gov/doc/guidance-for-face-masks-in-public-settings/download,"Mass. Health Order (Nov. 4, 2020)"
326117,MA,Middlesex County,25,17,12/25/2020,1,Yes,Official,https://www.mass.gov/doc/guidance-for-face-masks-in-public-settings/download,"Mass. Health Order (Nov. 4, 2020)"
326118,MA,Middlesex County,25,17,12/26/2020,1,Yes,Official,https://www.mass.gov/doc/guidance-for-face-masks-in-public-settings/download,"Mass. Health Order (Nov. 4, 2020)"
326119,MA,Middlesex County,25,17,12/27/2020,1,Yes,Official,https://www.mass.gov/doc/guidance-for-face-masks-in-public-settings/download,"Mass. Health Order (Nov. 4, 2020)"
326120,MA,Middlesex County,25,17,12/28/2020,1,Yes,Official,https://www.mass.gov/doc/guidance-for-face-masks-in-public-settings/download,"Mass. Health Order (Nov. 4, 2020)"
326122,MA,Middlesex County,25,17,12/29/2020,1,Yes,Official,https://www.mass.gov/doc/guidance-for-face-masks-in-public-settings/download,"Mass. Health Order (Nov. 4, 2020)"
326123,MA,Middlesex County,25,17,12/30/2020,1,Yes,Official,https://www.mass.gov/doc/guidance-for-face-masks-in-public-settings/download,"Mass. Health Order (Nov. 4, 2020)"
326124,MA,Middlesex County,25,17,12/31/2020,1,Yes,Official,https://www.mass.gov/doc/guidance-for-face-masks-in-public-settings/download,"Mass. Health Order (Nov. 4, 2020)"
1138053,MA,Middlesex County,25,17,1/1/2021,1,Yes,Official,https://www.mass.gov/doc/guidance-for-face-masks-in-public-settings/download,"Mass. Health Order (Nov. 4, 2020)"
1138054,MA,Middlesex County,25,17,1/2/2021,1,Yes,Official,https://www.mass.gov/doc/guidance-for-face-masks-in-public-settings/download,"Mass. Health Order (Nov. 4, 2020)"
1138055,MA,Middlesex County,25,17,1/3/2021,1,Yes,Official,https://www.mass.gov/doc/guidance-for-face-masks-in-public-settings/download,"Mass. Health Order (Nov. 4, 2020)"
1138056,MA,Middlesex County,25,17,1/4/2021,1,Yes,Official,https://www.mass.gov/doc/guidance-for-face-masks-in-public-settings/download,"Mass. Health Order (Nov. 4, 2020)"
1138057,MA,Middlesex County,25,17,1/5/2021,1,Yes,Official,https://www.mass.gov/doc/guidance-for-face-masks-in-public-settings/download,"Mass. Health Order (Nov. 4, 2020)"
1138058,MA,Middlesex County,25,17,1/6/2021,1,Yes,Official,https://www.mass.gov/doc/guidance-for-face-masks-in-public-settings/download,"Mass. Health Order (Nov. 4, 2020)"
1138059,MA,Middlesex County,25,17,1/7/2021,1,Yes,Official,https://www.mass.gov/doc/guidance-for-face-masks-in-public-settings/download,"Mass. Health Order (Nov. 4, 2020)"
1138060,MA,Middlesex County,25,17,1/8/2021,1,Yes,Official,https://www.mass.gov/doc/guidance-for-face-masks-in-public-settings/download,"Mass. Health Order (Nov. 4, 2020)"
1138061,MA,Middlesex County,25,17,1/9/2021,1,Yes,Official,https://www.mass.gov/doc/guidance-for-face-masks-in-public-settings/download,"Mass. Health Order (Nov. 4, 2020)"
1138062,MA,Middlesex County,25,17,1/10/2021,1,Yes,Official,https://www.mass.gov/doc/guidance-for-face-masks-in-public-settings/download,"Mass. Health Order (Nov. 4, 2020)"
1138063,MA,Middlesex County,25,17,1/11/2021,1,Yes,Official,https://www.mass.gov/doc/guidance-for-face-masks-in-public-settings/download,"Mass. Health Order (Nov. 4, 2020)"
1138064,MA,Middlesex County,25,17,1/12/2021,1,Yes,Official,https://www.mass.gov/doc/guidance-for-face-masks-in-public-settings/download,"Mass. Health Order (Nov. 4, 2020)"
1138065,MA,Middlesex County,25,17,1/13/2021,1,Yes,Official,https://www.mass.gov/doc/guidance-for-face-masks-in-public-settings/download,"Mass. Health Order (Nov. 4, 2020)"
1138066,MA,Middlesex County,25,17,1/14/2021,1,Yes,Official,https://www.mass.gov/doc/guidance-for-face-masks-in-public-settings/download,"Mass. Health Order (Nov. 4, 2020)"
1138067,MA,Middlesex County,25,17,1/15/2021,1,Yes,Official,https://www.mass.gov/doc/guidance-for-face-masks-in-public-settings/download,"Mass. Health Order (Nov. 4, 2020)"
1138068,MA,Middlesex County,25,17,1/16/2021,1,Yes,Official,https://www.mass.gov/doc/guidance-for-face-masks-in-public-settings/download,"Mass. Health Order (Nov. 4, 2020)"
1138069,MA,Middlesex County,25,17,1/17/2021,1,Yes,Official,https://www.mass.gov/doc/guidance-for-face-masks-in-public-settings/download,"Mass. Health Order (Nov. 4, 2020)"
1138070,MA,Middlesex County,25,17,1/18/2021,1,Yes,Official,https://www.mass.gov/doc/guidance-for-face-masks-in-public-settings/download,"Mass. Health Order (Nov. 4, 2020)"
1138071,MA,Middlesex County,25,17,1/19/2021,1,Yes,Official,https://www.mass.gov/doc/guidance-for-face-masks-in-public-settings/download,"Mass. Health Order (Nov. 4, 2020)"
1138072,MA,Middlesex County,25,17,1/20/2021,1,Yes,Official,https://www.mass.gov/doc/guidance-for-face-masks-in-public-settings/download,"Mass. Health Order (Nov. 4, 2020)"
1138073,MA,Middlesex County,25,17,1/21/2021,1,Yes,Official,https://www.mass.gov/doc/guidance-for-face-masks-in-public-settings/download,"Mass. Health Order (Nov. 4, 2020)"
1138074,MA,Middlesex County,25,17,1/22/2021,1,Yes,Official,https://www.mass.gov/doc/guidance-for-face-masks-in-public-settings/download,"Mass. Health Order (Nov. 4, 2020)"
1138075,MA,Middlesex County,25,17,1/23/2021,1,Yes,Official,https://www.mass.gov/doc/guidance-for-face-masks-in-public-settings/download,"Mass. Health Order (Nov. 4, 2020)"
1138076,MA,Middlesex County,25,17,1/24/2021,1,Yes,Official,https://www.mass.gov/doc/guidance-for-face-masks-in-public-settings/download,"Mass. Health Order (Nov. 4, 2020)"
1138077,MA,Middlesex County,25,17,1/25/2021,1,Yes,Official,https://www.mass.gov/doc/guidance-for-face-masks-in-public-settings/download,"Mass. Health Order (Nov. 4, 2020)"
1138078,MA,Middlesex County,25,17,1/26/2021,1,Yes,Official,https://www.mass.gov/doc/guidance-for-face-masks-in-public-settings/download,"Mass. Health Order (Nov. 4, 2020)"
1138079,MA,Middlesex County,25,17,1/27/2021,1,Yes,Official,https://www.mass.gov/doc/guidance-for-face-masks-in-public-settings/download,"Mass. Health Order (Nov. 4, 2020)"
1138080,MA,Middlesex County,25,17,1/28/2021,1,Yes,Official,https://www.mass.gov/doc/guidance-for-face-masks-in-public-settings/download,"Mass. Health Order (Nov. 4, 2020)"
1138081,MA,Middlesex County,25,17,1/29/2021,1,Yes,Official,https://www.mass.gov/doc/guidance-for-face-masks-in-public-settings/download,"Mass. Health Order (Nov. 4, 2020)"
1138082,MA,Middlesex County,25,17,1/30/2021,1,Yes,Official,https://www.mass.gov/doc/guidance-for-face-masks-in-public-settings/download,"Mass. Health Order (Nov. 4, 2020)"
1138083,MA,Middlesex County,25,17,1/31/2021,1,Yes,Official,https://www.mass.gov/doc/guidance-for-face-masks-in-public-settings/download,"Mass. Health Order (Nov. 4, 2020)"
1138084,MA,Middlesex County,25,17,2/1/2021,1,Yes,Official,https://www.mass.gov/doc/guidance-for-face-masks-in-public-settings/download,"Mass. Health Order (Nov. 4, 2020)"
1138085,MA,Middlesex County,25,17,2/2/2021,1,Yes,Official,https://www.mass.gov/doc/guidance-for-face-masks-in-public-settings/download,"Mass. Health Order (Nov. 4, 2020)"
1138086,MA,Middlesex County,25,17,2/3/2021,1,Yes,Official,https://www.mass.gov/doc/guidance-for-face-masks-in-public-settings/download,"Mass. Health Order (Nov. 4, 2020)"
1138087,MA,Middlesex County,25,17,2/4/2021,1,Yes,Official,https://www.mass.gov/doc/guidance-for-face-masks-in-public-settings/download,"Mass. Health Order (Nov. 4, 2020)"
1138088,MA,Middlesex County,25,17,2/5/2021,1,Yes,Official,https://www.mass.gov/doc/guidance-for-face-masks-in-public-settings/download,"Mass. Health Order (Nov. 4, 2020)"
1138089,MA,Middlesex County,25,17,2/6/2021,1,Yes,Official,https://www.mass.gov/doc/guidance-for-face-masks-in-public-settings/download,"Mass. Health Order (Nov. 4, 2020)"
1138090,MA,Middlesex County,25,17,2/7/2021,1,Yes,Official,https://www.mass.gov/doc/guidance-for-face-masks-in-public-settings/download,"Mass. Health Order (Nov. 4, 2020)"
1138091,MA,Middlesex County,25,17,2/8/2021,1,Yes,Official,https://www.mass.gov/doc/guidance-for-face-masks-in-public-settings/download,"Mass. Health Order (Nov. 4, 2020)"
1138092,MA,Middlesex County,25,17,2/9/2021,1,Yes,Official,https://www.mass.gov/doc/guidance-for-face-masks-in-public-settings/download,"Mass. Health Order (Nov. 4, 2020)"
1138093,MA,Middlesex County,25,17,2/10/2021,1,Yes,Official,https://www.mass.gov/doc/guidance-for-face-masks-in-public-settings/download,"Mass. Health Order (Nov. 4, 2020)"
1138094,MA,Middlesex County,25,17,2/11/2021,1,Yes,Official,https://www.mass.gov/doc/guidance-for-face-masks-in-public-settings/download,"Mass. Health Order (Nov. 4, 2020)"
1138095,MA,Middlesex County,25,17,2/12/2021,1,Yes,Official,https://www.mass.gov/doc/guidance-for-face-masks-in-public-settings/download,"Mass. Health Order (Nov. 4, 2020)"
1138096,MA,Middlesex County,25,17,2/13/2021,1,Yes,Official,https://www.mass.gov/doc/guidance-for-face-masks-in-public-settings/download,"Mass. Health Order (Nov. 4, 2020)"
1138097,MA,Middlesex County,25,17,2/14/2021,1,Yes,Official,https://www.mass.gov/doc/guidance-for-face-masks-in-public-settings/download,"Mass. Health Order (Nov. 4, 2020)"
1138098,MA,Middlesex County,25,17,2/15/2021,1,Yes,Official,https://www.mass.gov/doc/guidance-for-face-masks-in-public-settings/download,"Mass. Health Order (Nov. 4, 2020)"
1138099,MA,Middlesex County,25,17,2/16/2021,1,Yes,Official,https://www.mass.gov/doc/guidance-for-face-masks-in-public-settings/download,"Mass. Health Order (Nov. 4, 2020)"
1138100,MA,Middlesex County,25,17,2/17/2021,1,Yes,Official,https://www.mass.gov/doc/guidance-for-face-masks-in-public-settings/download,"Mass. Health Order (Nov. 4, 2020)"
1138101,MA,Middlesex County,25,17,2/18/2021,1,Yes,Official,https://www.mass.gov/doc/guidance-for-face-masks-in-public-settings/download,"Mass. Health Order (Nov. 4, 2020)"
1138102,MA,Middlesex County,25,17,2/19/2021,1,Yes,Official,https://www.mass.gov/doc/guidance-for-face-masks-in-public-settings/download,"Mass. Health Order (Nov. 4, 2020)"
1138103,MA,Middlesex County,25,17,2/20/2021,1,Yes,Official,https://www.mass.gov/doc/guidance-for-face-masks-in-public-settings/download,"Mass. Health Order (Nov. 4, 2020)"
1138104,MA,Middlesex County,25,17,2/21/2021,1,Yes,Official,https://www.mass.gov/doc/guidance-for-face-masks-in-public-settings/download,"Mass. Health Order (Nov. 4, 2020)"
1138105,MA,Middlesex County,25,17,2/22/2021,1,Yes,Official,https://www.mass.gov/doc/guidance-for-face-masks-in-public-settings/download,"Mass. Health Order (Nov. 4, 2020)"
1138106,MA,Middlesex County,25,17,2/23/2021,1,Yes,Official,https://www.mass.gov/doc/guidance-for-face-masks-in-public-settings/download,"Mass. Health Order (Nov. 4, 2020)"
1138107,MA,Middlesex County,25,17,2/24/2021,1,Yes,Official,https://www.mass.gov/doc/guidance-for-face-masks-in-public-settings/download,"Mass. Health Order (Nov. 4, 2020)"
1138108,MA,Middlesex County,25,17,2/25/2021,1,Yes,Official,https://www.mass.gov/doc/guidance-for-face-masks-in-public-settings/download,"Mass. Health Order (Nov. 4, 2020)"
1138109,MA,Middlesex County,25,17,2/26/2021,1,Yes,Official,https://www.mass.gov/doc/guidance-for-face-masks-in-public-settings/download,"Mass. Health Order (Nov. 4, 2020)"
1138110,MA,Middlesex County,25,17,2/27/2021,1,Yes,Official,https://www.mass.gov/doc/guidance-for-face-masks-in-public-settings/download,"Mass. Health Order (Nov. 4, 2020)"
1138111,MA,Middlesex County,25,17,2/28/2021,1,Yes,Official,https://www.mass.gov/doc/guidance-for-face-masks-in-public-settings/download,"Mass. Health Order (Nov. 4, 2020)"
1138112,MA,Middlesex County,25,17,3/1/2021,1,Yes,Official,https://www.mass.gov/doc/guidance-for-face-masks-in-public-settings/download,"Mass. Health Order (Nov. 4, 2020)"
1138113,MA,Middlesex County,25,17,3/2/2021,1,Yes,Official,https://www.mass.gov/doc/guidance-for-face-masks-in-public-settings/download,"Mass. Health Order (Nov. 4, 2020)"
1138114,MA,Middlesex County,25,17,3/3/2021,1,Yes,Official,https://www.mass.gov/doc/guidance-for-face-masks-in-public-settings/download,"Mass. Health Order (Nov. 4, 2020)"
1138115,MA,Middlesex County,25,17,3/4/2021,1,Yes,Official,https://www.mass.gov/doc/guidance-for-face-masks-in-public-settings/download,"Mass. Health Order (Nov. 4, 2020)"
1138116,MA,Middlesex County,25,17,3/5/2021,1,Yes,Official,https://www.mass.gov/doc/guidance-for-face-masks-in-public-settings/download,"Mass. Health Order (Nov. 4, 2020)"
1138117,MA,Middlesex County,25,17,3/6/2021,1,Yes,Official,https://www.mass.gov/doc/guidance-for-face-masks-in-public-settings/download,"Mass. Health Order (Nov. 4, 2020)"
1138118,MA,Middlesex County,25,17,3/7/2021,1,Yes,Official,https://www.mass.gov/doc/guidance-for-face-masks-in-public-settings/download,"Mass. Health Order (Nov. 4, 2020)"
1138119,MA,Middlesex County,25,17,3/8/2021,1,Yes,Official,https://www.mass.gov/doc/guidance-for-face-masks-in-public-settings/download,"Mass. Health Order (Nov. 4, 2020)"
1138120,MA,Middlesex County,25,17,3/9/2021,1,Yes,Official,https://www.mass.gov/doc/guidance-for-face-masks-in-public-settings/download,"Mass. Health Order (Nov. 4, 2020)"
1138121,MA,Middlesex County,25,17,3/10/2021,1,Yes,Official,https://www.mass.gov/doc/guidance-for-face-masks-in-public-settings/download,"Mass. Health Order (Nov. 4, 2020)"
1138122,MA,Middlesex County,25,17,3/11/2021,1,Yes,Official,https://www.mass.gov/doc/guidance-for-face-masks-in-public-settings/download,"Mass. Health Order (Nov. 4, 2020)"
1138123,MA,Middlesex County,25,17,3/12/2021,1,Yes,Official,https://www.mass.gov/doc/guidance-for-face-masks-in-public-settings/download,"Mass. Health Order (Nov. 4, 2020)"
1138124,MA,Middlesex County,25,17,3/13/2021,1,Yes,Official,https://www.mass.gov/doc/guidance-for-face-masks-in-public-settings/download,"Mass. Health Order (Nov. 4, 2020)"
1138125,MA,Middlesex County,25,17,3/14/2021,1,Yes,Official,https://www.mass.gov/doc/guidance-for-face-masks-in-public-settings/download,"Mass. Health Order (Nov. 4, 2020)"
1138126,MA,Middlesex County,25,17,3/15/2021,1,Yes,Official,https://www.mass.gov/doc/guidance-for-face-masks-in-public-settings/download,"Mass. Health Order (Nov. 4, 2020)"
1138127,MA,Middlesex County,25,17,3/16/2021,1,Yes,Official,https://www.mass.gov/doc/guidance-for-face-masks-in-public-settings/download,"Mass. Health Order (Nov. 4, 2020)"
1138128,MA,Middlesex County,25,17,3/17/2021,1,Yes,Official,https://www.mass.gov/doc/guidance-for-face-masks-in-public-settings/download,"Mass. Health Order (Nov. 4, 2020)"
1138129,MA,Middlesex County,25,17,3/18/2021,1,Yes,Official,https://www.mass.gov/doc/guidance-for-face-masks-in-public-settings/download,"Mass. Health Order (Nov. 4, 2020)"
1138130,MA,Middlesex County,25,17,3/19/2021,1,Yes,Official,https://www.mass.gov/doc/guidance-for-face-masks-in-public-settings/download,"Mass. Health Order (Nov. 4, 2020)"
1138131,MA,Middlesex County,25,17,3/20/2021,1,Yes,Official,https://www.mass.gov/doc/guidance-for-face-masks-in-public-settings/download,"Mass. Health Order (Nov. 4, 2020)"
1138132,MA,Middlesex County,25,17,3/21/2021,1,Yes,Official,https://www.mass.gov/doc/guidance-for-face-masks-in-public-settings/download,"Mass. Health Order (Nov. 4, 2020)"
1138133,MA,Middlesex County,25,17,3/22/2021,1,Yes,Official,https://www.mass.gov/doc/guidance-for-face-masks-in-public-settings/download,"Mass. Health Order (Nov. 4, 2020)"
1138134,MA,Middlesex County,25,17,3/23/2021,1,Yes,Official,https://www.mass.gov/doc/guidance-for-face-masks-in-public-settings/download,"Mass. Health Order (Nov. 4, 2020)"
1138135,MA,Middlesex County,25,17,3/24/2021,1,Yes,Official,https://www.mass.gov/doc/guidance-for-face-masks-in-public-settings/download,"Mass. Health Order (Nov. 4, 2020)"
1138136,MA,Middlesex County,25,17,3/25/2021,1,Yes,Official,https://www.mass.gov/doc/guidance-for-face-masks-in-public-settings/download,"Mass. Health Order (Nov. 4, 2020)"
1138137,MA,Middlesex County,25,17,3/26/2021,1,Yes,Official,https://www.mass.gov/doc/guidance-for-face-masks-in-public-settings/download,"Mass. Health Order (Nov. 4, 2020)"
1138138,MA,Middlesex County,25,17,3/27/2021,1,Yes,Official,https://www.mass.gov/doc/guidance-for-face-masks-in-public-settings/download,"Mass. Health Order (Nov. 4, 2020)"
1138139,MA,Middlesex County,25,17,3/28/2021,1,Yes,Official,https://www.mass.gov/doc/guidance-for-face-masks-in-public-settings/download,"Mass. Health Order (Nov. 4, 2020)"
1138140,MA,Middlesex County,25,17,3/29/2021,1,Yes,Official,https://www.mass.gov/doc/guidance-for-face-masks-in-public-settings/download,"Mass. Health Order (Nov. 4, 2020)"
1138141,MA,Middlesex County,25,17,3/30/2021,1,Yes,Official,https://www.mass.gov/doc/guidance-for-face-masks-in-public-settings/download,"Mass. Health Order (Nov. 4, 2020)"
1138142,MA,Middlesex County,25,17,3/31/2021,1,Yes,Official,https://www.mass.gov/doc/guidance-for-face-masks-in-public-settings/download,"Mass. Health Order (Nov. 4, 2020)"
1138143,MA,Middlesex County,25,17,4/1/2021,1,Yes,Official,https://www.mass.gov/doc/guidance-for-face-masks-in-public-settings/download,"Mass. Health Order (Nov. 4, 2020)"
1138144,MA,Middlesex County,25,17,4/2/2021,1,Yes,Official,https://www.mass.gov/doc/guidance-for-face-masks-in-public-settings/download,"Mass. Health Order (Nov. 4, 2020)"
1138145,MA,Middlesex County,25,17,4/3/2021,1,Yes,Official,https://www.mass.gov/doc/guidance-for-face-masks-in-public-settings/download,"Mass. Health Order (Nov. 4, 2020)"
1138146,MA,Middlesex County,25,17,4/4/2021,1,Yes,Official,https://www.mass.gov/doc/guidance-for-face-masks-in-public-settings/download,"Mass. Health Order (Nov. 4, 2020)"
1138147,MA,Middlesex County,25,17,4/5/2021,1,Yes,Official,https://www.mass.gov/doc/guidance-for-face-masks-in-public-settings/download,"Mass. Health Order (Nov. 4, 2020)"
1138148,MA,Middlesex County,25,17,4/6/2021,1,Yes,Official,https://www.mass.gov/doc/guidance-for-face-masks-in-public-settings/download,"Mass. Health Order (Nov. 4, 2020)"
1138149,MA,Middlesex County,25,17,4/7/2021,1,Yes,Official,https://www.mass.gov/doc/guidance-for-face-masks-in-public-settings/download,"Mass. Health Order (Nov. 4, 2020)"
1138150,MA,Middlesex County,25,17,4/8/2021,1,Yes,Official,https://www.mass.gov/doc/guidance-for-face-masks-in-public-settings/download,"Mass. Health Order (Nov. 4, 2020)"
1138151,MA,Middlesex County,25,17,4/9/2021,1,Yes,Official,https://www.mass.gov/doc/guidance-for-face-masks-in-public-settings/download,"Mass. Health Order (Nov. 4, 2020)"
1138152,MA,Middlesex County,25,17,4/10/2021,1,Yes,Official,https://www.mass.gov/doc/guidance-for-face-masks-in-public-settings/download,"Mass. Health Order (Nov. 4, 2020)"
1138153,MA,Middlesex County,25,17,4/11/2021,1,Yes,Official,https://www.mass.gov/doc/guidance-for-face-masks-in-public-settings/download,"Mass. Health Order (Nov. 4, 2020)"
1138154,MA,Middlesex County,25,17,4/12/2021,1,Yes,Official,https://www.mass.gov/doc/guidance-for-face-masks-in-public-settings/download,"Mass. Health Order (Nov. 4, 2020)"
1138155,MA,Middlesex County,25,17,4/13/2021,1,Yes,Official,https://www.mass.gov/doc/guidance-for-face-masks-in-public-settings/download,"Mass. Health Order (Nov. 4, 2020)"
1138156,MA,Middlesex County,25,17,4/14/2021,1,Yes,Official,https://www.mass.gov/doc/guidance-for-face-masks-in-public-settings/download,"Mass. Health Order (Nov. 4, 2020)"
1138157,MA,Middlesex County,25,17,4/15/2021,1,Yes,Official,https://www.mass.gov/doc/guidance-for-face-masks-in-public-settings/download,"Mass. Health Order (Nov. 4, 2020)"
1138158,MA,Middlesex County,25,17,4/16/2021,1,Yes,Official,https://www.mass.gov/doc/guidance-for-face-masks-in-public-settings/download,"Mass. Health Order (Nov. 4, 2020)"
1138159,MA,Middlesex County,25,17,4/17/2021,1,Yes,Official,https://www.mass.gov/doc/guidance-for-face-masks-in-public-settings/download,"Mass. Health Order (Nov. 4, 2020)"
1138160,MA,Middlesex County,25,17,4/18/2021,1,Yes,Official,https://www.mass.gov/doc/guidance-for-face-masks-in-public-settings/download,"Mass. Health Order (Nov. 4, 2020)"
1138161,MA,Middlesex County,25,17,4/19/2021,1,Yes,Official,https://www.mass.gov/doc/guidance-for-face-masks-in-public-settings/download,"Mass. Health Order (Nov. 4, 2020)"
1138162,MA,Middlesex County,25,17,4/20/2021,1,Yes,Official,https://www.mass.gov/doc/guidance-for-face-masks-in-public-settings/download,"Mass. Health Order (Nov. 4, 2020)"
1138163,MA,Middlesex County,25,17,4/21/2021,1,Yes,Official,https://www.mass.gov/doc/guidance-for-face-masks-in-public-settings/download,"Mass. Health Order (Nov. 4, 2020)"
1138164,MA,Middlesex County,25,17,4/22/2021,1,Yes,Official,https://www.mass.gov/doc/guidance-for-face-masks-in-public-settings/download,"Mass. Health Order (Nov. 4, 2020)"
1138165,MA,Middlesex County,25,17,4/23/2021,1,Yes,Official,https://www.mass.gov/doc/guidance-for-face-masks-in-public-settings/download,"Mass. Health Order (Nov. 4, 2020)"
1138166,MA,Middlesex County,25,17,4/24/2021,1,Yes,Official,https://www.mass.gov/doc/guidance-for-face-masks-in-public-settings/download,"Mass. Health Order (Nov. 4, 2020)"
1138167,MA,Middlesex County,25,17,4/25/2021,1,Yes,Official,https://www.mass.gov/doc/guidance-for-face-masks-in-public-settings/download,"Mass. Health Order (Nov. 4, 2020)"
1138168,MA,Middlesex County,25,17,4/26/2021,1,Yes,Official,https://www.mass.gov/doc/guidance-for-face-masks-in-public-settings/download,"Mass. Health Order (Nov. 4, 2020)"
1138169,MA,Middlesex County,25,17,4/27/2021,1,Yes,Official,https://www.mass.gov/doc/guidance-for-face-masks-in-public-settings/download,"Mass. Health Order (Nov. 4, 2020)"
1138170,MA,Middlesex County,25,17,4/28/2021,1,Yes,Official,https://www.mass.gov/doc/guidance-for-face-masks-in-public-settings/download,"Mass. Health Order (Nov. 4, 2020)"
1138171,MA,Middlesex County,25,17,4/29/2021,1,Yes,Official,https://www.mass.gov/doc/guidance-for-face-masks-in-public-settings/download,"Mass. Health Order (Nov. 4, 2020)"
1138172,MA,Middlesex County,25,17,4/30/2021,1,Yes,Official,https://www.mass.gov/doc/covid-19-order-67/download,"Mass. COVID-19 Exec. Order No. 67 (Apr. 29, 2021)"
1138173,MA,Middlesex County,25,17,5/1/2021,1,Yes,Official,https://www.mass.gov/doc/covid-19-order-67/download,"Mass. COVID-19 Exec. Order No. 67 (Apr. 29, 2021)"
1138174,MA,Middlesex County,25,17,5/2/2021,1,Yes,Official,https://www.mass.gov/doc/covid-19-order-67/download,"Mass. COVID-19 Exec. Order No. 67 (Apr. 29, 2021)"
1138175,MA,Middlesex County,25,17,5/3/2021,1,Yes,Official,https://www.mass.gov/doc/covid-19-order-67/download,"Mass. COVID-19 Exec. Order No. 67 (Apr. 29, 2021)"
1138176,MA,Middlesex County,25,17,5/4/2021,1,Yes,Official,https://www.mass.gov/doc/covid-19-order-67/download,"Mass. COVID-19 Exec. Order No. 67 (Apr. 29, 2021)"
1138177,MA,Middlesex County,25,17,5/5/2021,1,Yes,Official,https://www.mass.gov/doc/covid-19-order-67/download,"Mass. COVID-19 Exec. Order No. 67 (Apr. 29, 2021)"
1138178,MA,Middlesex County,25,17,5/6/2021,1,Yes,Official,https://www.mass.gov/doc/covid-19-order-67/download,"Mass. COVID-19 Exec. Order No. 67 (Apr. 29, 2021)"
1138179,MA,Middlesex County,25,17,5/7/2021,1,Yes,Official,https://www.mass.gov/doc/covid-19-order-67/download,"Mass. COVID-19 Exec. Order No. 67 (Apr. 29, 2021)"
1138180,MA,Middlesex County,25,17,5/8/2021,1,Yes,Official,https://www.mass.gov/doc/covid-19-order-67/download,"Mass. COVID-19 Exec. Order No. 67 (Apr. 29, 2021)"
1138181,MA,Middlesex County,25,17,5/9/2021,1,Yes,Official,https://www.mass.gov/doc/covid-19-order-67/download,"Mass. COVID-19 Exec. Order No. 67 (Apr. 29, 2021)"
1138182,MA,Middlesex County,25,17,5/10/2021,1,Yes,Official,https://www.mass.gov/doc/covid-19-order-67/download,"Mass. COVID-19 Exec. Order No. 67 (Apr. 29, 2021)"
1138183,MA,Middlesex County,25,17,5/11/2021,1,Yes,Official,https://www.mass.gov/doc/covid-19-order-67/download,"Mass. COVID-19 Exec. Order No. 67 (Apr. 29, 2021)"
1138184,MA,Middlesex County,25,17,5/12/2021,1,Yes,Official,https://www.mass.gov/doc/covid-19-order-67/download,"Mass. COVID-19 Exec. Order No. 67 (Apr. 29, 2021)"
1138185,MA,Middlesex County,25,17,5/13/2021,1,Yes,Official,https://www.mass.gov/doc/covid-19-order-67/download,"Mass. COVID-19 Exec. Order No. 67 (Apr. 29, 2021)"
1138186,MA,Middlesex County,25,17,5/14/2021,1,Yes,Official,https://www.mass.gov/doc/covid-19-order-67/download,"Mass. COVID-19 Exec. Order No. 67 (Apr. 29, 2021)"
1138187,MA,Middlesex County,25,17,5/15/2021,1,Yes,Official,https://www.mass.gov/doc/covid-19-order-67/download,"Mass. COVID-19 Exec. Order No. 67 (Apr. 29, 2021)"
1138188,MA,Middlesex County,25,17,5/16/2021,1,Yes,Official,https://www.mass.gov/doc/covid-19-order-67/download,"Mass. COVID-19 Exec. Order No. 67 (Apr. 29, 2021)"
1138189,MA,Middlesex County,25,17,5/17/2021,1,Yes,Official,https://www.mass.gov/doc/covid-19-order-67/download,"Mass. COVID-19 Exec. Order No. 67 (Apr. 29, 2021)"
1138190,MA,Middlesex County,25,17,5/18/2021,1,Yes,Official,https://www.mass.gov/doc/covid-19-order-67/download,"Mass. COVID-19 Exec. Order No. 67 (Apr. 29, 2021)"
1138191,MA,Middlesex County,25,17,5/19/2021,1,Yes,Official,https://www.mass.gov/doc/covid-19-order-67/download,"Mass. COVID-19 Exec. Order No. 67 (Apr. 29, 2021)"
1138192,MA,Middlesex County,25,17,5/20/2021,1,Yes,Official,https://www.mass.gov/doc/covid-19-order-67/download,"Mass. COVID-19 Exec. Order No. 67 (Apr. 29, 2021)"
1138193,MA,Middlesex County,25,17,5/21/2021,1,Yes,Official,https://www.mass.gov/doc/covid-19-order-67/download,"Mass. COVID-19 Exec. Order No. 67 (Apr. 29, 2021)"
1138194,MA,Middlesex County,25,17,5/22/2021,1,Yes,Official,https://www.mass.gov/doc/covid-19-order-67/download,"Mass. COVID-19 Exec. Order No. 67 (Apr. 29, 2021)"
1138195,MA,Middlesex County,25,17,5/23/2021,1,Yes,Official,https://www.mass.gov/doc/covid-19-order-67/download,"Mass. COVID-19 Exec. Order No. 67 (Apr. 29, 2021)"
1138196,MA,Middlesex County,25,17,5/24/2021,1,Yes,Official,https://www.mass.gov/doc/covid-19-order-67/download,"Mass. COVID-19 Exec. Order No. 67 (Apr. 29, 2021)"
1138197,MA,Middlesex County,25,17,5/25/2021,1,Yes,Official,https://www.mass.gov/doc/covid-19-order-67/download,"Mass. COVID-19 Exec. Order No. 67 (Apr. 29, 2021)"
1138198,MA,Middlesex County,25,17,5/26/2021,1,Yes,Official,https://www.mass.gov/doc/covid-19-order-67/download,"Mass. COVID-19 Exec. Order No. 67 (Apr. 29, 2021)"
1138199,MA,Middlesex County,25,17,5/27/2021,1,Yes,Official,https://www.mass.gov/doc/covid-19-order-67/download,"Mass. COVID-19 Exec. Order No. 67 (Apr. 29, 2021)"
1138200,MA,Middlesex County,25,17,5/28/2021,1,Yes,Official,https://www.mass.gov/doc/covid-19-order-67/download,"Mass. COVID-19 Exec. Order No. 67 (Apr. 29, 2021)"
1138201,MA,Middlesex County,25,17,5/29/2021,2,No,Official,https://www.mass.gov/doc/covid-19-order-69/download,"Mass. COVID-19 Exec. Order No. 69 (May 28, 2021)"
1138202,MA,Middlesex County,25,17,5/30/2021,2,No,Official,https://www.mass.gov/doc/covid-19-order-69/download,"Mass. COVID-19 Exec. Order No. 69 (May 28, 2021)"
1138203,MA,Middlesex County,25,17,5/31/2021,2,No,Official,https://www.mass.gov/doc/covid-19-order-69/download,"Mass. COVID-19 Exec. Order No. 69 (May 28, 2021)"
1138204,MA,Middlesex County,25,17,6/1/2021,2,No,Official,https://www.mass.gov/doc/covid-19-order-69/download,"Mass. COVID-19 Exec. Order No. 69 (May 28, 2021)"
1138205,MA,Middlesex County,25,17,6/2/2021,2,No,Official,https://www.mass.gov/doc/covid-19-order-69/download,"Mass. COVID-19 Exec. Order No. 69 (May 28, 2021)"
1138206,MA,Middlesex County,25,17,6/3/2021,2,No,Official,https://www.mass.gov/doc/covid-19-order-69/download,"Mass. COVID-19 Exec. Order No. 69 (May 28, 2021)"
1138207,MA,Middlesex County,25,17,6/4/2021,2,No,Official,https://www.mass.gov/doc/covid-19-order-69/download,"Mass. COVID-19 Exec. Order No. 69 (May 28, 2021)"
1138208,MA,Middlesex County,25,17,6/5/2021,2,No,Official,https://www.mass.gov/doc/covid-19-order-69/download,"Mass. COVID-19 Exec. Order No. 69 (May 28, 2021)"
1138209,MA,Middlesex County,25,17,6/6/2021,2,No,Official,https://www.mass.gov/doc/covid-19-order-69/download,"Mass. COVID-19 Exec. Order No. 69 (May 28, 2021)"
1138210,MA,Middlesex County,25,17,6/7/2021,2,No,Official,https://www.mass.gov/doc/covid-19-order-69/download,"Mass. COVID-19 Exec. Order No. 69 (May 28, 2021)"
1138211,MA,Middlesex County,25,17,6/8/2021,2,No,Official,https://www.mass.gov/doc/covid-19-order-69/download,"Mass. COVID-19 Exec. Order No. 69 (May 28, 2021)"
1138212,MA,Middlesex County,25,17,6/9/2021,2,No,Official,https://www.mass.gov/doc/covid-19-order-69/download,"Mass. COVID-19 Exec. Order No. 69 (May 28, 2021)"
1138213,MA,Middlesex County,25,17,6/10/2021,2,No,Official,https://www.mass.gov/doc/covid-19-order-69/download,"Mass. COVID-19 Exec. Order No. 69 (May 28, 2021)"
1138214,MA,Middlesex County,25,17,6/11/2021,2,No,Official,https://www.mass.gov/doc/covid-19-order-69/download,"Mass. COVID-19 Exec. Order No. 69 (May 28, 2021)"
1138215,MA,Middlesex County,25,17,6/12/2021,2,No,Official,https://www.mass.gov/doc/covid-19-order-69/download,"Mass. COVID-19 Exec. Order No. 69 (May 28, 2021)"
1138216,MA,Middlesex County,25,17,6/13/2021,2,No,Official,https://www.mass.gov/doc/covid-19-order-69/download,"Mass. COVID-19 Exec. Order No. 69 (May 28, 2021)"
1138217,MA,Middlesex County,25,17,6/14/2021,2,No,Official,https://www.mass.gov/doc/covid-19-order-69/download,"Mass. COVID-19 Exec. Order No. 69 (May 28, 2021)"
1138218,MA,Middlesex County,25,17,6/15/2021,2,No,Official,https://www.mass.gov/doc/covid-19-order-69/download,"Mass. COVID-19 Exec. Order No. 69 (May 28, 2021)"
1138219,MA,Middlesex County,25,17,6/16/2021,2,No,Official,https://www.mass.gov/doc/covid-19-order-69/download,"Mass. COVID-19 Exec. Order No. 69 (May 28, 2021)"
1138220,MA,Middlesex County,25,17,6/17/2021,2,No,Official,https://www.mass.gov/doc/covid-19-order-69/download,"Mass. COVID-19 Exec. Order No. 69 (May 28, 2021)"
1138221,MA,Middlesex County,25,17,6/18/2021,2,No,Official,https://www.mass.gov/doc/covid-19-order-69/download,"Mass. COVID-19 Exec. Order No. 69 (May 28, 2021)"
1138222,MA,Middlesex County,25,17,6/19/2021,2,No,Official,https://www.mass.gov/doc/covid-19-order-69/download,"Mass. COVID-19 Exec. Order No. 69 (May 28, 2021)"
1138223,MA,Middlesex County,25,17,6/20/2021,2,No,Official,https://www.mass.gov/doc/covid-19-order-69/download,"Mass. COVID-19 Exec. Order No. 69 (May 28, 2021)"
1138224,MA,Middlesex County,25,17,6/21/2021,2,No,Official,https://www.mass.gov/doc/covid-19-order-69/download,"Mass. COVID-19 Exec. Order No. 69 (May 28, 2021)"
1138225,MA,Middlesex County,25,17,6/22/2021,2,No,Official,https://www.mass.gov/doc/covid-19-order-69/download,"Mass. COVID-19 Exec. Order No. 69 (May 28, 2021)"
1138226,MA,Middlesex County,25,17,6/23/2021,2,No,Official,https://www.mass.gov/doc/covid-19-order-69/download,"Mass. COVID-19 Exec. Order No. 69 (May 28, 2021)"
1138227,MA,Middlesex County,25,17,6/24/2021,2,No,Official,https://www.mass.gov/doc/covid-19-order-69/download,"Mass. COVID-19 Exec. Order No. 69 (May 28, 2021)"
1138228,MA,Middlesex County,25,17,6/25/2021,2,No,Official,https://www.mass.gov/doc/covid-19-order-69/download,"Mass. COVID-19 Exec. Order No. 69 (May 28, 2021)"
1138229,MA,Middlesex County,25,17,6/26/2021,2,No,Official,https://www.mass.gov/doc/covid-19-order-69/download,"Mass. COVID-19 Exec. Order No. 69 (May 28, 2021)"
1138230,MA,Middlesex County,25,17,6/27/2021,2,No,Official,https://www.mass.gov/doc/covid-19-order-69/download,"Mass. COVID-19 Exec. Order No. 69 (May 28, 2021)"
1138231,MA,Middlesex County,25,17,6/28/2021,2,No,Official,https://www.mass.gov/doc/covid-19-order-69/download,"Mass. COVID-19 Exec. Order No. 69 (May 28, 2021)"
1138232,MA,Middlesex County,25,17,6/29/2021,2,No,Official,https://www.mass.gov/doc/covid-19-order-69/download,"Mass. COVID-19 Exec. Order No. 69 (May 28, 2021)"
1138233,MA,Middlesex County,25,17,6/30/2021,2,No,Official,https://www.mass.gov/doc/covid-19-order-69/download,"Mass. COVID-19 Exec. Order No. 69 (May 28, 2021)"
1138234,MA,Middlesex County,25,17,7/1/2021,2,No,Official,https://www.mass.gov/doc/covid-19-order-69/download,"Mass. COVID-19 Exec. Order No. 69 (May 28, 2021)"
1138235,MA,Middlesex County,25,17,7/2/2021,2,No,Official,https://www.mass.gov/doc/covid-19-order-69/download,"Mass. COVID-19 Exec. Order No. 69 (May 28, 2021)"
1138236,MA,Middlesex County,25,17,7/3/2021,2,No,Official,https://www.mass.gov/doc/covid-19-order-69/download,"Mass. COVID-19 Exec. Order No. 69 (May 28, 2021)"
1138237,MA,Middlesex County,25,17,7/4/2021,2,No,Official,https://www.mass.gov/doc/covid-19-order-69/download,"Mass. COVID-19 Exec. Order No. 69 (May 28, 2021)"
1138238,MA,Middlesex County,25,17,7/5/2021,2,No,Official,https://www.mass.gov/doc/covid-19-order-69/download,"Mass. COVID-19 Exec. Order No. 69 (May 28, 2021)"
1138239,MA,Middlesex County,25,17,7/6/2021,2,No,Official,https://www.mass.gov/doc/covid-19-order-69/download,"Mass. COVID-19 Exec. Order No. 69 (May 28, 2021)"
1138240,MA,Middlesex County,25,17,7/7/2021,2,No,Official,https://www.mass.gov/doc/covid-19-order-69/download,"Mass. COVID-19 Exec. Order No. 69 (May 28, 2021)"
1138241,MA,Middlesex County,25,17,7/8/2021,2,No,Official,https://www.mass.gov/doc/covid-19-order-69/download,"Mass. COVID-19 Exec. Order No. 69 (May 28, 2021)"
1138242,MA,Middlesex County,25,17,7/9/2021,2,No,Official,https://www.mass.gov/doc/covid-19-order-69/download,"Mass. COVID-19 Exec. Order No. 69 (May 28, 2021)"
1138243,MA,Middlesex County,25,17,7/10/2021,2,No,Official,https://www.mass.gov/doc/covid-19-order-69/download,"Mass. COVID-19 Exec. Order No. 69 (May 28, 2021)"
1138244,MA,Middlesex County,25,17,7/11/2021,2,No,Official,https://www.mass.gov/doc/covid-19-order-69/download,"Mass. COVID-19 Exec. Order No. 69 (May 28, 2021)"
1138245,MA,Middlesex County,25,17,7/12/2021,2,No,Official,https://www.mass.gov/doc/covid-19-order-69/download,"Mass. COVID-19 Exec. Order No. 69 (May 28, 2021)"
1138246,MA,Middlesex County,25,17,7/13/2021,2,No,Official,https://www.mass.gov/doc/covid-19-order-69/download,"Mass. COVID-19 Exec. Order No. 69 (May 28, 2021)"
1138247,MA,Middlesex County,25,17,7/14/2021,2,No,Official,https://www.mass.gov/doc/covid-19-order-69/download,"Mass. COVID-19 Exec. Order No. 69 (May 28, 2021)"
1138248,MA,Middlesex County,25,17,7/15/2021,2,No,Official,https://www.mass.gov/doc/covid-19-order-69/download,"Mass. COVID-19 Exec. Order No. 69 (May 28, 2021)"
1138249,MA,Middlesex County,25,17,7/16/2021,2,No,Official,https://www.mass.gov/doc/covid-19-order-69/download,"Mass. COVID-19 Exec. Order No. 69 (May 28, 2021)"
1138250,MA,Middlesex County,25,17,7/17/2021,2,No,Official,https://www.mass.gov/doc/covid-19-order-69/download,"Mass. COVID-19 Exec. Order No. 69 (May 28, 2021)"
1138251,MA,Middlesex County,25,17,7/18/2021,2,No,Official,https://www.mass.gov/doc/covid-19-order-69/download,"Mass. COVID-19 Exec. Order No. 69 (May 28, 2021)"
1138252,MA,Middlesex County,25,17,7/19/2021,2,No,Official,https://www.mass.gov/doc/covid-19-order-69/download,"Mass. COVID-19 Exec. Order No. 69 (May 28, 2021)"
1138253,MA,Middlesex County,25,17,7/20/2021,2,No,Official,https://www.mass.gov/doc/covid-19-order-69/download,"Mass. COVID-19 Exec. Order No. 69 (May 28, 2021)"
1138254,MA,Middlesex County,25,17,7/21/2021,2,No,Official,https://www.mass.gov/doc/covid-19-order-69/download,"Mass. COVID-19 Exec. Order No. 69 (May 28, 2021)"
1138255,MA,Middlesex County,25,17,7/22/2021,2,No,Official,https://www.mass.gov/doc/covid-19-order-69/download,"Mass. COVID-19 Exec. Order No. 69 (May 28, 2021)"
1138256,MA,Middlesex County,25,17,7/23/2021,2,No,Official,https://www.mass.gov/doc/covid-19-order-69/download,"Mass. COVID-19 Exec. Order No. 69 (May 28, 2021)"
1138257,MA,Middlesex County,25,17,7/24/2021,2,No,Official,https://www.mass.gov/doc/covid-19-order-69/download,"Mass. COVID-19 Exec. Order No. 69 (May 28, 2021)"
1138258,MA,Middlesex County,25,17,7/25/2021,2,No,Official,https://www.mass.gov/doc/covid-19-order-69/download,"Mass. COVID-19 Exec. Order No. 69 (May 28, 2021)"
1138259,MA,Middlesex County,25,17,7/26/2021,2,No,Official,https://www.mass.gov/doc/covid-19-order-69/download,"Mass. COVID-19 Exec. Order No. 69 (May 28, 2021)"
1138260,MA,Middlesex County,25,17,7/27/2021,2,No,Official,https://www.mass.gov/doc/covid-19-order-69/download,"Mass. COVID-19 Exec. Order No. 69 (May 28, 2021)"
1138261,MA,Middlesex County,25,17,7/28/2021,2,No,Official,https://www.mass.gov/doc/covid-19-order-69/download,"Mass. COVID-19 Exec. Order No. 69 (May 28, 2021)"
1138262,MA,Middlesex County,25,17,7/29/2021,2,No,Official,https://www.mass.gov/doc/covid-19-order-69/download,"Mass. COVID-19 Exec. Order No. 69 (May 28, 2021)"
1138263,MA,Middlesex County,25,17,7/30/2021,2,No,Official,https://www.mass.gov/doc/updated-advisory-regarding-masks-and-face-coverings-july-30-2021-0/download,"Mass. Health Advisory (July 30, 2021)"
1138264,MA,Middlesex County,25,17,7/31/2021,2,No,Official,https://www.mass.gov/doc/updated-advisory-regarding-masks-and-face-coverings-july-30-2021-0/download,"Mass. Health Advisory (July 30, 2021)"
1138265,MA,Middlesex County,25,17,8/1/2021,2,No,Official,https://www.mass.gov/doc/updated-advisory-regarding-masks-and-face-coverings-july-30-2021-0/download,"Mass. Health Advisory (July 30, 2021)"
1138266,MA,Middlesex County,25,17,8/2/2021,2,No,Official,https://www.mass.gov/doc/updated-advisory-regarding-masks-and-face-coverings-july-30-2021-0/download,"Mass. Health Advisory (July 30, 2021)"
1138267,MA,Middlesex County,25,17,8/3/2021,2,No,Official,https://www.mass.gov/doc/updated-advisory-regarding-masks-and-face-coverings-july-30-2021-0/download,"Mass. Health Advisory (July 30, 2021)"
1138268,MA,Middlesex County,25,17,8/4/2021,2,No,Official,https://www.mass.gov/doc/updated-advisory-regarding-masks-and-face-coverings-july-30-2021-0/download,"Mass. Health Advisory (July 30, 2021)"
1138269,MA,Middlesex County,25,17,8/5/2021,2,No,Official,https://www.mass.gov/doc/updated-advisory-regarding-masks-and-face-coverings-july-30-2021-0/download,"Mass. Health Advisory (July 30, 2021)"
1138270,MA,Middlesex County,25,17,8/6/2021,2,No,Official,https://www.mass.gov/doc/updated-advisory-regarding-masks-and-face-coverings-july-30-2021-0/download,"Mass. Health Advisory (July 30, 2021)"
1138271,MA,Middlesex County,25,17,8/7/2021,2,No,Official,https://www.mass.gov/doc/updated-advisory-regarding-masks-and-face-coverings-july-30-2021-0/download,"Mass. Health Advisory (July 30, 2021)"
1138272,MA,Middlesex County,25,17,8/8/2021,2,No,Official,https://www.mass.gov/doc/updated-advisory-regarding-masks-and-face-coverings-july-30-2021-0/download,"Mass. Health Advisory (July 30, 2021)"
1138273,MA,Middlesex County,25,17,8/9/2021,2,No,Official,https://www.mass.gov/doc/updated-advisory-regarding-masks-and-face-coverings-july-30-2021-0/download,"Mass. Health Advisory (July 30, 2021)"
1138274,MA,Middlesex County,25,17,8/10/2021,2,No,Official,https://www.mass.gov/doc/updated-advisory-regarding-masks-and-face-coverings-july-30-2021-0/download,"Mass. Health Advisory (July 30, 2021)"
1138275,MA,Middlesex County,25,17,8/11/2021,2,No,Official,https://www.mass.gov/doc/updated-advisory-regarding-masks-and-face-coverings-july-30-2021-0/download,"Mass. Health Advisory (July 30, 2021)"
1138276,MA,Middlesex County,25,17,8/12/2021,2,No,Official,https://www.mass.gov/doc/updated-advisory-regarding-masks-and-face-coverings-july-30-2021-0/download,"Mass. Health Advisory (July 30, 2021)"
1138277,MA,Middlesex County,25,17,8/13/2021,2,No,Official,https://www.mass.gov/doc/updated-advisory-regarding-masks-and-face-coverings-july-30-2021-0/download,"Mass. Health Advisory (July 30, 2021)"
1138278,MA,Middlesex County,25,17,8/14/2021,2,No,Official,https://www.mass.gov/doc/updated-advisory-regarding-masks-and-face-coverings-july-30-2021-0/download,"Mass. Health Advisory (July 30, 2021)"
1138279,MA,Middlesex County,25,17,8/15/2021,2,No,Official,https://www.mass.gov/doc/updated-advisory-regarding-masks-and-face-coverings-july-30-2021-0/download,"Mass. Health Advisory (July 30, 2021)"
